insert_i,recall
0,0.920000
1,0.980000
2,0.990000
3,0.880000
4,0.950000
5,0.890000
6,0.900000
7,0.920000
8,0.870000
9,0.930000
10,0.950000
11,0.900000
12,0.940000
13,0.950000
14,0.940000
15,0.960000
16,0.960000
17,0.960000
18,0.890000
19,0.910000
20,0.880000
21,0.910000
22,0.900000
23,0.930000
24,0.920000
25,0.970000
26,0.890000
27,0.880000
28,0.940000
29,0.880000
30,0.940000
31,0.920000
32,0.940000
33,0.850000
34,0.910000
35,0.880000
36,0.950000
37,0.880000
38,0.940000
39,0.910000
40,0.920000
41,0.940000
42,0.950000
43,0.910000
44,0.990000
45,0.820000
46,0.920000
47,0.880000
48,0.910000
49,0.910000
50,0.900000
51,0.960000
52,0.970000
53,0.950000
54,0.920000
55,0.920000
56,0.950000
57,0.870000
58,0.940000
59,0.930000
60,0.940000
61,0.910000
62,0.950000
63,0.930000
64,0.930000
65,0.870000
66,0.900000
67,0.930000
68,0.940000
69,0.910000
70,0.890000
71,0.960000
72,0.840000
73,0.950000
74,0.940000
75,0.970000
76,0.900000
77,0.890000
78,0.890000
79,0.930000
80,0.920000
81,0.960000
82,0.870000
83,0.940000
84,0.950000
85,0.830000
86,0.970000
87,0.930000
88,0.950000
89,0.810000
90,0.950000
91,0.930000
92,0.970000
93,0.880000
94,0.990000
95,0.940000
96,0.820000
97,0.890000
98,0.940000
99,0.960000
100,0.830000
101,0.940000
102,0.980000
103,0.960000
104,0.980000
105,0.880000
106,0.960000
107,0.960000
108,0.950000
109,0.960000
110,0.960000
111,0.970000
112,0.910000
113,0.830000
114,0.960000
115,0.890000
116,0.970000
117,0.930000
118,0.990000
119,0.940000
120,0.960000
121,0.940000
122,0.870000
123,0.940000
124,0.990000
125,0.910000
126,0.970000
127,0.930000
128,0.900000
129,0.940000
130,0.970000
131,0.950000
132,0.960000
133,0.960000
134,0.910000
135,0.920000
136,0.900000
137,0.830000
138,0.910000
139,0.950000
140,0.890000
141,0.980000
142,1.000000
143,0.960000
144,0.850000
145,0.950000
146,0.980000
147,0.960000
148,0.970000
149,0.970000
150,0.960000
151,0.900000
152,0.940000
153,0.930000
154,0.910000
155,0.940000
156,0.990000
157,0.950000
158,0.890000
159,0.910000
160,0.850000
161,0.950000
162,0.910000
163,0.940000
164,0.970000
165,0.910000
166,0.940000
167,0.870000
168,0.980000
169,0.940000
170,0.950000
171,0.820000
172,0.910000
173,0.860000
174,0.940000
175,0.870000
176,0.910000
177,0.830000
178,0.890000
179,0.970000
180,0.920000
181,0.960000
182,0.960000
183,0.930000
184,0.870000
185,0.900000
186,0.960000
187,0.960000
188,1.000000
189,0.800000
190,0.940000
191,0.900000
192,0.920000
193,0.920000
194,0.890000
195,0.950000
196,0.970000
197,0.890000
198,0.910000
199,0.910000
200,0.840000
201,0.940000
202,0.960000
203,0.950000
204,0.950000
205,0.940000
206,0.940000
207,0.990000
208,0.910000
209,0.940000
210,0.890000
211,0.870000
212,0.910000
213,0.920000
214,0.970000
215,0.830000
216,0.930000
217,0.920000
218,0.900000
219,0.870000
220,0.850000
221,0.950000
222,0.930000
223,0.930000
224,0.930000
225,0.990000
226,0.930000
227,0.900000
228,0.970000
229,0.930000
230,0.970000
231,0.910000
232,0.910000
233,0.960000
234,0.950000
235,0.920000
236,0.950000
237,0.880000
238,0.900000
239,0.950000
240,0.960000
241,0.920000
242,0.900000
243,0.870000
244,0.980000
245,0.930000
246,0.930000
247,0.930000
248,0.910000
249,0.980000
250,0.950000
251,0.990000
252,0.940000
253,0.960000
254,0.860000
255,0.910000
256,0.900000
257,0.940000
258,0.930000
259,0.980000
260,0.910000
261,0.890000
262,0.970000
263,0.970000
264,0.890000
265,0.860000
266,0.930000
267,0.940000
268,0.910000
269,0.900000
270,0.900000
271,0.840000
272,0.960000
273,0.960000
274,0.910000
275,0.940000
276,0.940000
277,0.940000
278,0.920000
279,0.930000
280,0.960000
281,0.960000
282,0.880000
283,0.920000
284,0.910000
285,0.970000
286,0.950000
287,0.970000
288,0.960000
289,0.930000
290,0.950000
291,0.950000
292,0.970000
293,0.950000
294,0.890000
295,0.920000
296,0.990000
297,0.890000
298,0.890000
299,0.970000
300,0.930000
301,0.940000
302,0.920000
303,0.950000
304,0.970000
305,0.950000
306,0.910000
307,0.910000
308,0.940000
309,0.950000
310,1.000000
311,0.970000
312,0.850000
313,0.850000
314,0.920000
315,0.870000
316,0.910000
317,0.920000
318,0.990000
319,1.000000
320,0.980000
321,0.910000
322,0.890000
323,0.940000
324,0.910000
325,0.950000
326,0.910000
327,0.910000
328,0.950000
329,0.950000
330,0.930000
331,0.890000
332,0.910000
333,0.940000
334,0.890000
335,0.940000
336,0.910000
337,0.930000
338,0.870000
339,0.930000
340,0.960000
341,0.860000
342,0.900000
343,0.990000
344,0.870000
345,0.950000
346,0.880000
347,0.900000
348,0.910000
349,0.860000
350,0.900000
351,0.920000
352,0.910000
353,0.870000
354,0.940000
355,0.890000
356,0.900000
357,0.910000
358,0.900000
359,0.950000
360,0.930000
361,0.950000
362,0.970000
363,0.880000
364,0.920000
365,0.970000
366,0.920000
367,1.000000
368,0.830000
369,0.940000
370,0.950000
371,0.960000
372,0.970000
373,0.940000
374,0.920000
375,0.860000
376,0.920000
377,0.910000
378,0.910000
379,0.950000
380,0.900000
381,0.920000
382,0.900000
383,0.930000
384,0.950000
385,0.960000
386,0.930000
387,0.940000
388,0.960000
389,0.910000
390,0.870000
391,0.860000
392,0.960000
393,0.890000
394,0.960000
395,0.870000
396,0.920000
397,0.930000
398,0.900000
399,0.970000
400,0.980000
401,0.950000
402,0.840000
403,0.990000
404,0.910000
405,1.000000
406,0.990000
407,0.870000
408,0.950000
409,0.970000
410,0.960000
411,0.850000
412,0.860000
413,0.870000
414,1.000000
415,0.940000
416,0.940000
417,0.930000
418,0.870000
419,0.970000
420,0.910000
421,0.960000
422,0.910000
423,0.920000
424,0.920000
425,0.950000
426,0.930000
427,0.950000
428,0.970000
429,0.900000
430,0.890000
431,0.950000
432,0.910000
433,0.900000
434,0.950000
435,0.950000
436,0.950000
437,0.900000
438,0.930000
439,0.970000
440,0.860000
441,0.960000
442,0.930000
443,0.900000
444,0.970000
445,0.940000
446,0.880000
447,0.920000
448,0.940000
449,0.950000
450,0.890000
451,0.890000
452,0.940000
453,0.990000
454,0.970000
455,0.960000
456,0.910000
457,0.850000
458,0.960000
459,0.910000
460,0.890000
461,0.930000
462,0.930000
463,0.930000
464,0.940000
465,0.970000
466,0.940000
467,0.990000
468,0.980000
469,0.890000
470,0.950000
471,0.920000
472,0.960000
473,0.920000
474,0.910000
475,0.870000
476,0.890000
477,0.940000
478,0.920000
479,0.920000
480,0.900000
481,0.850000
482,0.920000
483,0.910000
484,0.930000
485,0.940000
486,0.950000
487,0.830000
488,0.970000
489,0.930000
490,0.880000
491,1.000000
492,0.880000
493,0.950000
494,0.910000
495,0.970000
496,0.930000
497,0.960000
498,0.930000
499,1.000000
500,0.930000
501,0.920000
502,0.940000
503,0.940000
504,0.870000
505,0.890000
506,0.940000
507,0.930000
508,0.900000
509,0.990000
510,1.000000
511,0.890000
512,0.980000
513,0.920000
514,0.920000
515,0.930000
516,0.870000
517,0.990000
518,0.890000
519,0.890000
520,0.930000
521,0.970000
522,0.880000
523,0.980000
524,0.920000
525,0.940000
526,0.930000
527,0.930000
528,0.990000
529,0.960000
530,0.970000
531,0.950000
532,0.890000
533,0.920000
534,0.890000
535,0.960000
536,0.950000
537,0.870000
538,0.960000
539,0.950000
540,0.950000
541,0.910000
542,0.870000
543,0.930000
544,0.890000
545,0.940000
546,0.940000
547,0.960000
548,0.960000
549,0.890000
550,0.960000
551,0.950000
552,0.960000
553,0.890000
554,0.890000
555,0.880000
556,0.970000
557,0.930000
558,0.960000
559,0.960000
560,0.910000
561,0.880000
562,0.860000
563,0.930000
564,0.980000
565,0.850000
566,0.930000
567,0.970000
568,0.930000
569,0.930000
570,0.940000
571,0.920000
572,0.970000
573,0.970000
574,0.980000
575,0.910000
576,0.930000
577,0.980000
578,0.880000
579,0.970000
580,0.930000
581,0.940000
582,0.910000
583,0.940000
584,0.990000
585,0.880000
586,0.850000
587,0.900000
588,0.890000
589,0.890000
590,0.960000
591,0.920000
592,0.820000
593,0.920000
594,0.900000
595,0.950000
596,0.940000
597,0.930000
598,0.910000
599,0.920000
600,0.860000
601,0.920000
602,0.840000
603,0.990000
604,1.000000
605,0.970000
606,0.880000
607,0.990000
608,0.910000
609,0.950000
610,0.970000
611,0.960000
612,0.990000
613,0.970000
614,0.940000
615,0.900000
616,0.970000
617,0.980000
618,0.910000
619,0.920000
620,0.900000
621,0.950000
622,0.930000
623,0.920000
624,0.870000
625,0.920000
626,0.950000
627,0.960000
628,0.980000
629,0.910000
630,0.950000
631,0.950000
632,0.940000
633,0.960000
634,0.960000
635,0.950000
636,0.830000
637,0.940000
638,0.920000
639,0.980000
640,0.860000
641,0.940000
642,0.930000
643,0.930000
644,0.900000
645,0.910000
646,0.940000
647,0.880000
648,0.950000
649,0.930000
650,0.950000
651,0.910000
652,0.900000
653,0.980000
654,0.930000
655,0.910000
656,0.950000
657,0.940000
658,0.970000
659,0.910000
660,0.960000
661,0.900000
662,0.950000
663,0.960000
664,0.970000
665,0.890000
666,0.940000
667,0.920000
668,0.890000
669,0.920000
670,0.960000
671,0.910000
672,0.950000
673,0.960000
674,0.960000
675,0.930000
676,0.940000
677,0.970000
678,0.910000
679,0.960000
680,0.960000
681,0.910000
682,0.950000
683,0.950000
684,0.990000
685,0.970000
686,0.920000
687,0.860000
688,0.980000
689,0.970000
690,0.950000
691,0.900000
692,0.950000
693,0.890000
694,0.950000
695,0.930000
696,0.890000
697,0.920000
698,0.890000
699,0.950000
700,0.940000
701,0.920000
702,0.920000
703,0.920000
704,0.940000
705,0.920000
706,0.920000
707,0.940000
708,0.960000
709,0.940000
710,0.980000
711,0.930000
712,0.900000
713,0.960000
714,0.900000
715,0.930000
716,0.930000
717,0.960000
718,0.930000
719,0.950000
720,0.970000
721,0.960000
722,0.890000
723,0.900000
724,0.900000
725,0.870000
726,0.950000
727,0.960000
728,0.870000
729,0.900000
730,0.960000
731,0.870000
732,0.970000
733,0.960000
734,0.920000
735,0.970000
736,0.950000
737,0.940000
738,0.950000
739,0.900000
740,0.950000
741,0.950000
742,0.940000
743,0.990000
744,0.960000
745,0.900000
746,0.940000
747,0.990000
748,0.840000
749,0.890000
750,0.880000
751,0.940000
752,0.960000
753,0.840000
754,0.970000
755,0.960000
756,0.890000
757,0.980000
758,0.910000
759,0.960000
760,0.870000
761,0.890000
762,0.970000
763,0.930000
764,0.940000
765,0.890000
766,0.980000
767,0.970000
768,0.880000
769,0.980000
770,0.880000
771,0.940000
772,0.930000
773,0.930000
774,0.900000
775,0.890000
776,0.930000
777,0.920000
778,0.920000
779,0.940000
780,0.850000
781,0.930000
782,0.920000
783,0.970000
784,0.960000
785,0.920000
786,0.990000
787,0.970000
788,0.950000
789,0.970000
790,0.960000
791,0.890000
792,0.930000
793,0.870000
794,0.930000
795,0.920000
796,0.940000
797,0.980000
798,0.940000
799,0.870000
800,0.880000
801,0.880000
802,0.920000
803,0.950000
804,0.960000
805,0.970000
806,0.860000
807,0.950000
808,0.870000
809,0.930000
810,0.900000
811,0.970000
812,0.950000
813,0.920000
814,0.910000
815,0.940000
816,0.930000
817,0.960000
818,0.990000
819,1.000000
820,0.880000
821,0.950000
822,0.900000
823,0.920000
824,0.910000
825,0.970000
826,0.930000
827,0.960000
828,0.980000
829,0.920000
830,0.910000
831,0.960000
832,0.930000
833,0.960000
834,0.930000
835,0.950000
836,0.960000
837,0.910000
838,0.960000
839,0.870000
840,0.920000
841,0.960000
842,0.950000
843,0.950000
844,0.880000
845,0.910000
846,0.930000
847,0.940000
848,0.940000
849,0.880000
850,0.990000
851,0.930000
852,0.960000
853,0.980000
854,0.890000
855,0.860000
856,0.890000
857,0.920000
858,0.950000
859,0.910000
860,0.950000
861,0.930000
862,0.950000
863,0.880000
864,0.850000
865,0.900000
866,0.870000
867,0.920000
868,0.960000
869,0.950000
870,0.920000
871,0.880000
872,0.940000
873,0.970000
874,0.940000
875,0.890000
876,0.950000
877,0.960000
878,0.920000
879,0.960000
880,0.980000
881,0.970000
882,0.930000
883,0.940000
884,0.900000
885,0.910000
886,0.960000
887,0.950000
888,0.920000
889,0.960000
890,0.960000
891,0.880000
892,0.940000
893,0.820000
894,0.900000
895,0.930000
896,0.970000
897,0.860000
898,0.900000
899,0.950000
900,0.890000
901,0.920000
902,0.880000
903,0.960000
904,0.900000
905,0.970000
906,0.940000
907,0.880000
908,1.000000
909,0.920000
910,0.970000
911,0.960000
912,0.910000
913,0.870000
914,0.950000
915,0.940000
916,0.910000
917,0.910000
918,0.930000
919,0.960000
920,0.850000
921,0.960000
922,0.880000
923,0.930000
924,0.920000
925,0.930000
926,0.930000
927,0.930000
928,0.970000
929,0.890000
930,0.940000
931,0.920000
932,0.920000
933,0.940000
934,0.900000
935,0.910000
936,1.000000
937,0.840000
938,0.850000
939,0.980000
940,0.860000
941,0.910000
942,0.960000
943,0.920000
944,0.920000
945,0.970000
946,0.990000
947,0.900000
948,0.930000
949,0.930000
950,0.900000
951,0.850000
952,0.930000
953,0.890000
954,0.920000
955,0.970000
956,0.960000
957,0.930000
958,0.920000
959,0.920000
960,0.970000
961,0.960000
962,0.960000
963,0.900000
964,0.980000
965,0.930000
966,0.960000
967,0.950000
968,0.890000
969,0.990000
970,0.940000
971,0.960000
972,0.930000
973,0.940000
974,0.920000
975,0.970000
976,0.930000
977,0.910000
978,0.960000
979,0.990000
980,0.980000
981,0.990000
982,0.960000
983,0.870000
984,0.870000
985,0.900000
986,0.960000
987,0.990000
988,0.960000
989,0.900000
990,0.940000
991,0.940000
992,0.960000
993,0.940000
994,0.970000
995,0.970000
996,0.920000
997,0.910000
998,0.950000
999,0.980000
1000,0.930000
1001,0.900000
1002,0.920000
1003,0.890000
1004,0.970000
1005,0.870000
1006,0.940000
1007,0.880000
1008,0.960000
1009,0.850000
1010,0.940000
1011,0.940000
1012,0.900000
1013,0.940000
1014,0.990000
1015,0.900000
1016,0.890000
1017,0.880000
1018,0.900000
1019,0.970000
1020,0.880000
1021,0.990000
1022,0.910000
1023,0.970000
1024,0.940000
1025,0.940000
1026,0.920000
1027,0.930000
1028,0.960000
1029,0.940000
1030,0.900000
1031,0.990000
1032,0.900000
1033,0.900000
1034,0.860000
1035,0.940000
1036,0.910000
1037,0.900000
1038,0.860000
1039,0.960000
1040,0.840000
1041,0.950000
1042,0.950000
1043,0.930000
1044,0.970000
1045,0.920000
1046,0.910000
1047,0.930000
1048,0.880000
1049,0.870000
1050,0.860000
1051,0.980000
1052,0.870000
1053,0.910000
1054,0.940000
1055,0.920000
1056,0.930000
1057,0.950000
1058,0.960000
1059,0.920000
1060,0.890000
1061,0.870000
1062,0.920000
1063,0.880000
1064,0.960000
1065,0.940000
1066,0.940000
1067,0.950000
1068,0.900000
1069,0.920000
1070,0.960000
1071,0.860000
1072,0.890000
1073,0.940000
1074,0.940000
1075,0.950000
1076,0.920000
1077,0.950000
1078,0.910000
1079,0.980000
1080,0.960000
1081,0.960000
1082,0.930000
1083,0.960000
1084,0.870000
1085,0.970000
1086,0.950000
1087,0.910000
1088,0.920000
1089,0.960000
1090,0.840000
1091,0.950000
1092,0.990000
1093,0.960000
1094,0.970000
1095,0.890000
1096,0.970000
1097,0.880000
1098,0.910000
1099,0.950000
1100,0.930000
1101,0.900000
1102,0.940000
1103,0.880000
1104,0.870000
1105,0.950000
1106,0.920000
1107,0.890000
1108,0.870000
1109,0.940000
1110,0.890000
1111,0.870000
1112,0.960000
1113,0.980000
1114,0.880000
1115,0.920000
1116,0.960000
1117,0.890000
1118,0.960000
1119,0.890000
1120,0.880000
1121,0.920000
1122,0.980000
1123,0.970000
1124,0.860000
1125,0.950000
1126,0.990000
1127,0.930000
1128,0.970000
1129,0.950000
1130,0.940000
1131,0.940000
1132,0.900000
1133,0.990000
1134,0.910000
1135,0.980000
1136,0.980000
1137,0.870000
1138,0.940000
1139,0.870000
1140,0.920000
1141,0.910000
1142,0.910000
1143,0.940000
1144,0.990000
1145,0.950000
1146,0.970000
1147,0.880000
1148,0.880000
1149,0.930000
1150,0.970000
1151,0.940000
1152,0.960000
1153,0.950000
1154,0.930000
1155,0.940000
1156,0.970000
1157,0.920000
1158,0.930000
1159,0.970000
1160,0.960000
1161,0.970000
1162,0.990000
1163,0.940000
1164,0.910000
1165,0.900000
1166,0.940000
1167,0.950000
1168,0.970000
1169,0.940000
1170,0.920000
1171,0.930000
1172,0.950000
1173,0.910000
1174,0.930000
1175,0.930000
1176,0.910000
1177,0.950000
1178,0.930000
1179,0.890000
1180,0.910000
1181,0.930000
1182,0.940000
1183,0.940000
1184,0.890000
1185,0.980000
1186,0.960000
1187,0.940000
1188,0.960000
1189,0.940000
1190,0.950000
1191,0.930000
1192,0.960000
1193,0.880000
1194,0.990000
1195,0.970000
1196,0.970000
1197,0.980000
1198,0.910000
1199,0.920000
1200,0.890000
1201,0.960000
1202,0.860000
1203,0.930000
1204,0.870000
1205,0.910000
1206,0.980000
1207,0.930000
1208,0.870000
1209,0.820000
1210,0.920000
1211,0.930000
1212,0.890000
1213,0.960000
1214,0.880000
1215,0.900000
1216,0.920000
1217,0.920000
1218,0.930000
1219,0.930000
1220,0.900000
1221,0.930000
1222,0.960000
1223,0.950000
1224,0.970000
1225,0.950000
1226,0.910000
1227,0.910000
1228,0.910000
1229,0.950000
1230,0.940000
1231,0.910000
1232,0.890000
1233,0.970000
1234,0.890000
1235,0.970000
1236,0.950000
1237,0.900000
1238,0.890000
1239,0.910000
1240,0.950000
1241,0.940000
1242,0.950000
1243,0.900000
1244,0.920000
1245,0.950000
1246,0.940000
1247,0.970000
1248,0.930000
1249,0.910000
1250,0.930000
1251,0.950000
1252,0.860000
1253,0.970000
1254,0.940000
1255,0.970000
1256,0.890000
1257,0.870000
1258,0.880000
1259,0.910000
1260,0.910000
1261,0.860000
1262,0.890000
1263,0.880000
1264,1.000000
1265,0.870000
1266,0.950000
1267,0.850000
1268,0.930000
1269,0.920000
1270,0.920000
1271,0.920000
1272,0.890000
1273,0.880000
1274,0.970000
1275,0.890000
1276,0.970000
1277,0.940000
1278,0.910000
1279,0.920000
1280,0.950000
1281,0.930000
1282,0.940000
1283,0.920000
1284,0.900000
1285,0.880000
1286,0.940000
1287,0.870000
1288,0.930000
1289,0.900000
1290,0.920000
1291,0.960000
1292,0.960000
1293,0.950000
1294,0.910000
1295,0.920000
1296,0.990000
1297,0.940000
1298,0.950000
1299,0.960000
1300,0.880000
1301,0.930000
1302,1.000000
1303,0.870000
1304,0.950000
1305,0.880000
1306,0.920000
1307,0.910000
1308,0.950000
1309,0.900000
1310,0.870000
1311,0.990000
1312,0.940000
1313,0.970000
1314,0.980000
1315,0.930000
1316,0.940000
1317,0.850000
1318,0.940000
1319,0.860000
1320,0.960000
1321,0.880000
1322,0.910000
1323,0.830000
1324,0.900000
1325,0.880000
1326,1.000000
1327,0.860000
1328,0.920000
1329,0.950000
1330,0.880000
1331,0.950000
1332,0.920000
1333,0.990000
1334,0.930000
1335,0.900000
1336,0.890000
1337,0.920000
1338,0.920000
1339,0.910000
1340,0.900000
1341,0.900000
1342,1.000000
1343,0.900000
1344,0.960000
1345,0.910000
1346,0.890000
1347,0.990000
1348,0.950000
1349,0.930000
1350,0.930000
1351,0.940000
1352,0.940000
1353,0.910000
1354,0.920000
1355,0.950000
1356,0.960000
1357,0.920000
1358,0.890000
1359,0.910000
1360,0.960000
1361,0.950000
1362,0.940000
1363,0.970000
1364,0.950000
1365,0.990000
1366,0.860000
1367,0.910000
1368,0.960000
1369,0.940000
1370,0.950000
1371,0.880000
1372,0.980000
1373,0.900000
1374,0.960000
1375,0.840000
1376,0.980000
1377,0.880000
1378,0.880000
1379,0.950000
1380,0.970000
1381,0.960000
1382,0.950000
1383,0.910000
1384,0.880000
1385,0.930000
1386,0.910000
1387,0.900000
1388,0.960000
1389,0.980000
1390,0.890000
1391,0.940000
1392,0.960000
1393,0.970000
1394,0.960000
1395,0.930000
1396,0.940000
1397,0.900000
1398,0.950000
1399,0.940000
1400,0.960000
1401,0.980000
1402,0.950000
1403,0.920000
1404,0.970000
1405,0.940000
1406,0.930000
1407,0.920000
1408,0.920000
1409,0.930000
1410,0.950000
1411,0.920000
1412,0.990000
1413,0.970000
1414,0.970000
1415,0.920000
1416,0.960000
1417,0.910000
1418,0.930000
1419,0.950000
1420,0.930000
1421,0.940000
1422,0.930000
1423,0.880000
1424,0.960000
1425,0.970000
1426,0.920000
1427,0.870000
1428,0.880000
1429,0.990000
1430,0.960000
1431,0.940000
1432,0.940000
1433,0.880000
1434,0.870000
1435,0.970000
1436,0.940000
1437,0.940000
1438,0.890000
1439,0.890000
1440,0.910000
1441,0.970000
1442,0.930000
1443,0.870000
1444,0.960000
1445,0.940000
1446,0.910000
1447,0.920000
1448,0.970000
1449,0.980000
1450,0.950000
1451,0.970000
1452,0.940000
1453,0.880000
1454,0.890000
1455,0.980000
1456,0.950000
1457,0.910000
1458,0.940000
1459,0.990000
1460,0.960000
1461,0.930000
1462,0.970000
1463,0.950000
1464,0.970000
1465,0.970000
1466,0.880000
1467,0.920000
1468,0.900000
1469,0.880000
1470,0.900000
1471,0.890000
1472,0.910000
1473,0.910000
1474,0.960000
1475,0.890000
1476,0.940000
1477,0.870000
1478,1.000000
1479,0.930000
1480,0.910000
1481,0.940000
1482,0.920000
1483,0.950000
1484,0.910000
1485,0.920000
1486,0.940000
1487,0.870000
1488,0.940000
1489,0.950000
1490,0.980000
1491,0.950000
1492,0.930000
1493,0.950000
1494,0.930000
1495,0.940000
1496,0.930000
1497,0.960000
1498,0.910000
1499,0.950000
1500,0.940000
1501,0.940000
1502,0.950000
1503,0.980000
1504,0.890000
1505,0.910000
1506,0.960000
1507,0.920000
1508,0.930000
1509,0.880000
1510,0.990000
1511,0.950000
1512,0.960000
1513,0.950000
1514,0.850000
1515,0.960000
1516,0.950000
1517,0.930000
1518,0.950000
1519,0.920000
1520,0.980000
1521,0.940000
1522,0.950000
1523,0.940000
1524,0.850000
1525,0.960000
1526,0.940000
1527,0.900000
1528,0.950000
1529,0.880000
1530,0.910000
1531,0.950000
1532,0.890000
1533,0.950000
1534,0.930000
1535,0.980000
1536,0.980000
1537,0.940000
1538,0.910000
1539,0.980000
1540,0.960000
1541,0.940000
1542,0.920000
1543,0.950000
1544,0.950000
1545,1.000000
1546,0.980000
1547,0.890000
1548,0.930000
1549,0.910000
1550,0.870000
1551,0.940000
1552,0.900000
1553,0.950000
1554,0.920000
1555,0.960000
1556,0.960000
1557,0.980000
1558,0.880000
1559,0.950000
1560,0.950000
1561,0.990000
1562,1.000000
1563,0.910000
1564,0.950000
1565,0.990000
1566,0.910000
1567,0.950000
1568,0.960000
1569,0.970000
1570,0.990000
1571,0.910000
1572,0.960000
1573,0.950000
1574,0.850000
1575,0.930000
1576,0.930000
1577,0.970000
1578,0.960000
1579,0.950000
1580,0.930000
1581,1.000000
1582,0.970000
1583,0.980000
1584,0.940000
1585,0.970000
1586,0.930000
1587,0.880000
1588,0.960000
1589,0.950000
1590,0.910000
1591,0.970000
1592,0.990000
1593,0.980000
1594,0.960000
1595,0.950000
1596,0.990000
1597,0.910000
1598,0.980000
1599,0.930000
1600,0.910000
1601,0.940000
1602,0.910000
1603,0.930000
1604,0.960000
1605,0.970000
1606,0.900000
1607,0.970000
1608,0.900000
1609,0.950000
1610,0.900000
1611,0.940000
1612,0.930000
1613,0.890000
1614,0.980000
1615,0.890000
1616,0.940000
1617,0.910000
1618,0.870000
1619,0.860000
1620,0.950000
1621,0.890000
1622,0.910000
1623,0.960000
1624,0.870000
1625,0.900000
1626,0.970000
1627,0.890000
1628,0.990000
1629,0.900000
1630,0.970000
1631,0.860000
1632,0.870000
1633,0.940000
1634,0.940000
1635,0.920000
1636,0.940000
1637,0.930000
1638,0.950000
1639,0.890000
1640,0.980000
1641,0.980000
1642,1.000000
1643,0.900000
1644,0.970000
1645,0.920000
1646,0.940000
1647,0.930000
1648,0.950000
1649,0.890000
1650,0.880000
1651,0.940000
1652,0.970000
1653,0.950000
1654,0.890000
1655,0.960000
1656,0.940000
1657,0.990000
1658,0.990000
1659,0.920000
1660,0.870000
1661,0.940000
1662,0.940000
1663,0.960000
1664,0.980000
1665,0.970000
1666,0.880000
1667,0.950000
1668,0.890000
1669,0.950000
1670,0.900000
1671,0.980000
1672,0.880000
1673,0.970000
1674,0.930000
1675,0.940000
1676,0.890000
1677,0.950000
1678,0.940000
1679,0.920000
1680,0.890000
1681,1.000000
1682,0.930000
1683,0.910000
1684,0.990000
1685,0.960000
1686,0.860000
1687,0.930000
1688,0.910000
1689,0.960000
1690,0.860000
1691,0.950000
1692,0.860000
1693,0.980000
1694,0.880000
1695,0.900000
1696,0.890000
1697,0.880000
1698,0.940000
1699,0.920000
1700,0.930000
1701,0.910000
1702,0.980000
1703,0.880000
1704,1.000000
1705,0.890000
1706,0.920000
1707,0.890000
1708,0.970000
1709,0.910000
1710,0.950000
1711,0.920000
1712,0.860000
1713,0.930000
1714,0.960000
1715,0.920000
1716,0.930000
1717,0.970000
1718,0.950000
1719,0.920000
1720,0.960000
1721,0.930000
1722,0.880000
1723,0.950000
1724,0.910000
1725,0.880000
1726,0.980000
1727,0.940000
1728,0.950000
1729,0.940000
1730,0.930000
1731,0.900000
1732,0.930000
1733,0.890000
1734,0.930000
1735,0.950000
1736,0.940000
1737,0.840000
1738,0.930000
1739,1.000000
1740,0.920000
1741,0.970000
1742,0.960000
1743,0.940000
1744,0.970000
1745,0.920000
1746,0.920000
1747,0.950000
1748,0.970000
1749,0.920000
1750,0.890000
1751,0.930000
1752,0.950000
1753,0.980000
1754,0.940000
1755,0.930000
1756,0.960000
1757,0.990000
1758,0.880000
1759,0.940000
1760,1.000000
1761,0.920000
1762,0.960000
1763,0.880000
1764,0.960000
1765,0.890000
1766,0.980000
1767,0.860000
1768,0.950000
1769,0.920000
1770,0.940000
1771,0.860000
1772,0.880000
1773,0.960000
1774,0.940000
1775,0.930000
1776,0.980000
1777,0.980000
1778,0.940000
1779,0.960000
1780,0.920000
1781,0.910000
1782,0.920000
1783,0.920000
1784,0.930000
1785,1.000000
1786,0.970000
1787,0.980000
1788,0.930000
1789,0.930000
1790,0.880000
1791,0.960000
1792,0.930000
1793,0.880000
1794,0.980000
1795,0.980000
1796,0.910000
1797,0.940000
1798,0.970000
1799,0.970000
1800,0.910000
1801,0.950000
1802,0.900000
1803,0.990000
1804,0.960000
1805,0.880000
1806,0.870000
1807,0.940000
1808,0.970000
1809,0.970000
1810,0.980000
1811,0.970000
1812,0.960000
1813,0.910000
1814,0.920000
1815,0.900000
1816,0.910000
1817,0.920000
1818,0.880000
1819,0.950000
1820,0.880000
1821,0.940000
1822,0.940000
1823,0.940000
1824,0.930000
1825,0.930000
1826,0.940000
1827,0.850000
1828,0.970000
1829,0.900000
1830,0.990000
1831,0.940000
1832,0.970000
1833,0.950000
1834,0.970000
1835,0.970000
1836,0.920000
1837,0.920000
1838,0.910000
1839,0.940000
1840,0.910000
1841,0.960000
1842,0.890000
1843,0.970000
1844,0.960000
1845,0.860000
1846,0.880000
1847,0.990000
1848,0.960000
1849,0.950000
1850,0.920000
1851,0.920000
1852,0.970000
1853,0.930000
1854,0.910000
1855,0.930000
1856,0.960000
1857,0.960000
1858,0.970000
1859,0.990000
1860,0.860000
1861,1.000000
1862,0.890000
1863,0.940000
1864,0.870000
1865,0.940000
1866,0.920000
1867,0.990000
1868,0.970000
1869,0.960000
1870,0.940000
1871,0.990000
1872,0.990000
1873,0.950000
1874,0.870000
1875,0.970000
1876,0.920000
1877,0.930000
1878,0.990000
1879,0.970000
1880,0.930000
1881,0.990000
1882,0.930000
1883,0.960000
1884,0.880000
1885,0.950000
1886,0.970000
1887,0.970000
1888,0.970000
1889,0.950000
1890,0.940000
1891,0.940000
1892,0.900000
1893,0.890000
1894,0.940000
1895,0.950000
1896,0.990000
1897,0.960000
1898,1.000000
1899,0.890000
1900,0.890000
1901,0.930000
1902,0.960000
1903,0.930000
1904,0.900000
1905,0.990000
1906,0.920000
1907,0.920000
1908,0.900000
1909,0.890000
1910,0.990000
1911,0.910000
1912,0.920000
1913,0.990000
1914,0.870000
1915,0.990000
1916,0.960000
1917,0.850000
1918,0.910000
1919,0.920000
1920,0.970000
1921,0.990000
1922,0.940000
1923,0.920000
1924,0.890000
1925,0.990000
1926,0.870000
1927,0.940000
1928,0.930000
1929,0.950000
1930,0.980000
1931,0.880000
1932,0.910000
1933,0.940000
1934,0.980000
1935,0.900000
1936,0.970000
1937,0.880000
1938,0.920000
1939,0.910000
1940,0.980000
1941,0.950000
1942,0.940000
1943,0.940000
1944,0.910000
1945,0.930000
1946,0.990000
1947,0.990000
1948,0.940000
1949,0.930000
1950,0.940000
1951,0.930000
1952,0.990000
1953,0.930000
1954,1.000000
1955,0.930000
1956,0.970000
1957,0.960000
1958,0.900000
1959,0.990000
1960,0.970000
1961,0.860000
1962,0.870000
1963,0.870000
1964,0.950000
1965,0.950000
1966,0.870000
1967,0.920000
1968,1.000000
1969,0.920000
1970,0.940000
1971,0.930000
1972,0.940000
1973,0.960000
1974,0.890000
1975,0.960000
1976,0.960000
1977,0.950000
1978,0.980000
1979,0.920000
1980,0.930000
1981,0.940000
1982,0.920000
1983,0.940000
1984,0.950000
1985,0.920000
1986,0.960000
1987,0.980000
1988,0.890000
1989,0.970000
1990,0.970000
1991,0.980000
1992,0.960000
1993,0.950000
1994,0.890000
1995,0.870000
1996,0.990000
1997,0.880000
1998,0.920000
1999,0.980000
2000,0.900000
2001,0.890000
2002,0.980000
2003,0.890000
2004,0.960000
2005,0.990000
2006,0.900000
2007,0.970000
2008,0.980000
2009,0.900000
2010,0.890000
2011,0.970000
2012,0.940000
2013,0.940000
2014,0.940000
2015,0.940000
2016,0.970000
2017,0.970000
2018,0.970000
2019,0.920000
2020,0.990000
2021,0.860000
2022,0.990000
2023,1.000000
2024,0.980000
2025,0.950000
2026,0.960000
2027,0.940000
2028,0.940000
2029,0.950000
2030,0.980000
2031,0.930000
2032,0.890000
2033,0.850000
2034,1.000000
2035,0.930000
2036,0.940000
2037,0.950000
2038,0.890000
2039,0.950000
2040,0.880000
2041,0.890000
2042,0.980000
2043,0.950000
2044,0.940000
2045,0.980000
2046,0.960000
2047,0.890000
2048,0.980000
2049,0.880000
2050,0.940000
2051,0.980000
2052,0.910000
2053,0.910000
2054,0.920000
2055,0.910000
2056,0.970000
2057,0.980000
2058,0.920000
2059,0.950000
2060,0.900000
2061,0.910000
2062,0.960000
2063,0.930000
2064,0.900000
2065,0.940000
2066,0.920000
2067,0.940000
2068,0.970000
2069,1.000000
2070,0.900000
2071,0.930000
2072,0.970000
2073,0.970000
2074,0.960000
2075,0.910000
2076,0.870000
2077,0.910000
2078,0.920000
2079,0.910000
2080,0.920000
2081,0.920000
2082,0.950000
2083,0.890000
2084,0.940000
2085,0.940000
2086,0.950000
2087,0.900000
2088,0.950000
2089,0.900000
2090,0.910000
2091,0.910000
2092,0.870000
2093,0.930000
2094,0.940000
2095,0.910000
2096,0.940000
2097,0.940000
2098,0.960000
2099,0.930000
2100,0.980000
2101,0.970000
2102,0.990000
2103,0.940000
2104,0.920000
2105,0.960000
2106,0.970000
2107,0.890000
2108,0.950000
2109,0.880000
2110,0.960000
2111,0.870000
2112,0.890000
2113,0.890000
2114,0.940000
2115,1.000000
2116,0.890000
2117,0.990000
2118,0.900000
2119,0.940000
2120,0.850000
2121,0.900000
2122,0.960000
2123,0.920000
2124,0.950000
2125,0.970000
2126,0.970000
2127,0.910000
2128,0.960000
2129,0.980000
2130,0.940000
2131,0.870000
2132,0.940000
2133,0.890000
2134,0.910000
2135,0.970000
2136,0.890000
2137,0.960000
2138,0.930000
2139,0.930000
2140,0.970000
2141,0.890000
2142,0.910000
2143,0.970000
2144,0.980000
2145,0.900000
2146,0.970000
2147,0.890000
2148,0.930000
2149,0.890000
2150,0.870000
2151,0.920000
2152,0.970000
2153,0.970000
2154,0.960000
2155,0.910000
2156,0.990000
2157,0.990000
2158,0.990000
2159,0.910000
2160,0.940000
2161,0.930000
2162,0.880000
2163,0.900000
2164,0.880000
2165,0.930000
2166,0.970000
2167,0.910000
2168,0.950000
2169,0.980000
2170,0.900000
2171,0.950000
2172,0.950000
2173,0.910000
2174,0.990000
2175,0.950000
2176,0.960000
2177,0.920000
2178,0.940000
2179,0.930000
2180,0.900000
2181,0.910000
2182,0.970000
2183,0.920000
2184,0.960000
2185,0.990000
2186,1.000000
2187,0.890000
2188,0.910000
2189,0.950000
2190,0.900000
2191,0.940000
2192,0.950000
2193,0.950000
2194,0.960000
2195,0.980000
2196,0.960000
2197,0.900000
2198,0.990000
2199,0.960000
2200,0.980000
2201,0.870000
2202,1.000000
2203,0.890000
2204,0.980000
2205,0.960000
2206,0.930000
2207,0.960000
2208,0.960000
2209,0.920000
2210,0.880000
2211,1.000000
2212,0.930000
2213,0.960000
2214,0.940000
2215,0.910000
2216,0.980000
2217,0.920000
2218,0.940000
2219,0.960000
2220,0.920000
2221,0.910000
2222,0.950000
2223,0.930000
2224,1.000000
2225,0.900000
2226,0.920000
2227,0.930000
2228,0.890000
2229,0.910000
2230,0.870000
2231,0.880000
2232,0.900000
2233,0.910000
2234,0.950000
2235,0.930000
2236,0.920000
2237,0.930000
2238,0.950000
2239,0.920000
2240,0.930000
2241,1.000000
2242,0.880000
2243,0.860000
2244,0.940000
2245,0.870000
2246,0.950000
2247,0.950000
2248,0.930000
2249,0.940000
2250,0.980000
2251,0.890000
2252,0.920000
2253,0.850000
2254,0.930000
2255,0.920000
2256,0.980000
2257,0.880000
2258,0.980000
2259,0.920000
2260,0.950000
2261,0.940000
2262,0.880000
2263,0.960000
2264,0.970000
2265,0.910000
2266,0.910000
2267,0.970000
2268,0.920000
2269,0.950000
2270,0.890000
2271,0.960000
2272,0.970000
2273,0.960000
2274,0.990000
2275,0.890000
2276,0.890000
2277,0.920000
2278,0.890000
2279,0.960000
2280,0.960000
2281,0.930000
2282,0.940000
2283,0.920000
2284,0.950000
2285,1.000000
2286,0.970000
2287,0.930000
2288,0.980000
2289,0.910000
2290,0.930000
2291,0.960000
2292,0.980000
2293,0.940000
2294,0.950000
2295,0.900000
2296,0.990000
2297,0.940000
2298,0.880000
2299,0.930000
2300,0.970000
2301,1.000000
2302,0.910000
2303,0.880000
2304,0.870000
2305,0.930000
2306,0.990000
2307,0.960000
2308,0.900000
2309,0.960000
2310,0.950000
2311,0.890000
2312,0.940000
2313,0.910000
2314,0.940000
2315,0.900000
2316,0.890000
2317,0.980000
2318,0.880000
2319,0.890000
2320,0.990000
2321,0.940000
2322,0.950000
2323,0.920000
2324,0.950000
2325,0.900000
2326,0.980000
2327,0.950000
2328,0.950000
2329,0.960000
2330,0.940000
2331,0.960000
2332,0.870000
2333,1.000000
2334,0.900000
2335,0.900000
2336,0.970000
2337,0.890000
2338,0.960000
2339,0.890000
2340,0.900000
2341,0.940000
2342,0.970000
2343,0.970000
2344,0.990000
2345,0.930000
2346,0.920000
2347,0.940000
2348,0.950000
2349,0.940000
2350,0.950000
2351,0.950000
2352,0.980000
2353,0.870000
2354,0.900000
2355,0.930000
2356,0.980000
2357,0.950000
2358,0.930000
2359,0.990000
2360,0.940000
2361,0.940000
2362,0.950000
2363,0.860000
2364,0.890000
2365,0.980000
2366,0.920000
2367,0.870000
2368,1.000000
2369,0.970000
2370,0.950000
2371,1.000000
2372,0.940000
2373,0.940000
2374,0.920000
2375,0.950000
2376,0.880000
2377,0.970000
2378,0.980000
2379,0.880000
2380,0.890000
2381,0.900000
2382,0.960000
2383,0.960000
2384,0.960000
2385,0.910000
2386,0.910000
2387,0.990000
2388,0.930000
2389,0.900000
2390,0.960000
2391,0.910000
2392,0.980000
2393,0.870000
2394,0.910000
2395,0.950000
2396,0.900000
2397,0.930000
2398,0.990000
2399,0.960000
2400,1.000000
2401,0.980000
2402,0.990000
2403,0.950000
2404,0.940000
2405,0.950000
2406,0.940000
2407,0.990000
2408,0.910000
2409,0.910000
2410,0.940000
2411,0.970000
2412,0.950000
2413,0.970000
2414,0.970000
2415,0.920000
2416,0.940000
2417,0.880000
2418,0.950000
2419,0.910000
2420,0.940000
2421,0.860000
2422,0.930000
2423,0.940000
2424,0.980000
2425,0.950000
2426,0.990000
2427,0.910000
2428,0.980000
2429,0.870000
2430,0.970000
2431,0.910000
2432,0.870000
2433,0.910000
2434,0.940000
2435,0.910000
2436,0.970000
2437,0.870000
2438,0.890000
2439,0.940000
2440,0.970000
2441,0.920000
2442,0.910000
2443,0.940000
2444,0.930000
2445,0.900000
2446,0.960000
2447,0.970000
2448,0.940000
2449,0.940000
2450,0.940000
2451,0.900000
2452,0.960000
2453,0.890000
2454,0.990000
2455,0.940000
2456,1.000000
2457,0.950000
2458,0.930000
2459,0.910000
2460,0.970000
2461,0.960000
2462,0.980000
2463,0.890000
2464,0.900000
2465,0.970000
2466,0.900000
2467,0.860000
2468,0.960000
2469,0.970000
2470,0.910000
2471,0.950000
2472,0.910000
2473,0.930000
2474,0.930000
2475,1.000000
2476,0.950000
2477,0.870000
2478,0.960000
2479,0.970000
2480,0.950000
2481,0.910000
2482,0.890000
2483,0.880000
2484,0.940000
2485,0.910000
2486,0.950000
2487,0.960000
2488,0.960000
2489,0.950000
2490,0.960000
2491,0.940000
2492,0.870000
2493,0.930000
2494,0.970000
2495,0.920000
2496,0.900000
2497,0.880000
2498,0.960000
2499,0.950000
2500,0.930000
2501,0.970000
2502,1.000000
2503,0.950000
2504,0.880000
2505,0.950000
2506,0.980000
2507,0.940000
2508,0.980000
2509,0.970000
2510,0.970000
2511,1.000000
2512,0.910000
2513,0.960000
2514,0.930000
2515,0.980000
2516,0.960000
2517,0.950000
2518,0.960000
2519,0.890000
2520,0.950000
2521,0.940000
2522,0.940000
2523,0.980000
2524,0.920000
2525,0.960000
2526,0.980000
2527,0.990000
2528,0.960000
2529,0.970000
2530,0.930000
2531,0.970000
2532,0.940000
2533,0.900000
2534,0.940000
2535,0.980000
2536,0.870000
2537,0.930000
2538,0.870000
2539,0.940000
2540,0.870000
2541,0.970000
2542,0.870000
2543,0.880000
2544,0.960000
2545,0.930000
2546,0.940000
2547,0.910000
2548,0.890000
2549,0.890000
2550,0.950000
2551,0.990000
2552,1.000000
2553,0.930000
2554,0.930000
2555,0.930000
2556,0.990000
2557,0.910000
2558,0.940000
2559,0.890000
2560,0.950000
2561,0.890000
2562,0.910000
2563,0.920000
2564,0.920000
2565,0.960000
2566,0.920000
2567,0.840000
2568,0.950000
2569,0.950000
2570,0.970000
2571,0.900000
2572,0.930000
2573,0.920000
2574,0.970000
2575,0.900000
2576,0.960000
2577,0.940000
2578,0.870000
2579,0.960000
2580,0.970000
2581,0.980000
2582,0.950000
2583,0.870000
2584,0.980000
2585,0.930000
2586,1.000000
2587,0.870000
2588,1.000000
2589,0.890000
2590,0.970000
2591,0.950000
2592,0.910000
2593,0.910000
2594,0.980000
2595,0.970000
2596,0.960000
2597,0.990000
2598,0.990000
2599,0.980000
2600,0.970000
2601,0.920000
2602,0.960000
2603,0.960000
2604,0.980000
2605,0.930000
2606,1.000000
2607,0.870000
2608,0.980000
2609,0.940000
2610,0.940000
2611,0.930000
2612,0.920000
2613,0.870000
2614,0.970000
2615,0.920000
2616,0.890000
2617,0.950000
2618,0.980000
2619,0.950000
2620,0.970000
2621,0.920000
2622,0.990000
2623,0.990000
2624,0.880000
2625,0.940000
2626,0.940000
2627,1.000000
2628,0.950000
2629,1.000000
2630,0.860000
2631,0.910000
2632,0.920000
2633,0.880000
2634,0.960000
2635,0.890000
2636,0.910000
2637,0.960000
2638,0.990000
2639,0.990000
2640,0.960000
2641,0.940000
2642,0.920000
2643,0.940000
2644,0.910000
2645,0.900000
2646,1.000000
2647,0.900000
2648,1.000000
2649,0.950000
2650,0.990000
2651,0.930000
2652,0.920000
2653,0.960000
2654,0.950000
2655,0.960000
2656,0.950000
2657,0.930000
2658,0.980000
2659,0.990000
2660,0.890000
2661,0.990000
2662,0.980000
2663,0.990000
2664,0.900000
2665,0.910000
2666,0.920000
2667,0.930000
2668,0.930000
2669,0.910000
2670,0.940000
2671,0.960000
2672,0.880000
2673,0.920000
2674,0.920000
2675,0.940000
2676,0.920000
2677,0.950000
2678,0.940000
2679,1.000000
2680,0.950000
2681,0.930000
2682,0.890000
2683,0.960000
2684,0.960000
2685,0.990000
2686,0.920000
2687,0.930000
2688,0.930000
2689,0.940000
2690,0.980000
2691,0.940000
2692,0.930000
2693,0.920000
2694,0.940000
2695,0.920000
2696,0.960000
2697,0.860000
2698,0.910000
2699,0.950000
2700,0.980000
2701,0.920000
2702,1.000000
2703,1.000000
2704,0.880000
2705,0.900000
2706,0.950000
2707,0.920000
2708,0.920000
2709,0.880000
2710,0.940000
2711,0.980000
2712,0.890000
2713,0.960000
2714,0.900000
2715,0.970000
2716,0.920000
2717,0.990000
2718,0.950000
2719,0.880000
2720,0.880000
2721,0.970000
2722,0.940000
2723,0.970000
2724,0.950000
2725,0.940000
2726,0.930000
2727,0.940000
2728,0.970000
2729,0.990000
2730,0.890000
2731,0.950000
2732,0.940000
2733,0.950000
2734,0.960000
2735,0.910000
2736,0.930000
2737,0.970000
2738,0.920000
2739,0.970000
2740,0.910000
2741,0.990000
2742,0.920000
2743,0.870000
2744,0.980000
2745,0.930000
2746,0.910000
2747,0.880000
2748,0.860000
2749,0.970000
2750,0.930000
2751,0.950000
2752,0.970000
2753,0.920000
2754,0.920000
2755,0.950000
2756,0.920000
2757,0.970000
2758,0.930000
2759,0.930000
2760,0.990000
2761,0.930000
2762,0.950000
2763,0.990000
2764,1.000000
2765,0.890000
2766,0.950000
2767,0.910000
2768,1.000000
2769,0.930000
2770,0.880000
2771,0.950000
2772,1.000000
2773,0.950000
2774,0.910000
2775,1.000000
2776,0.950000
2777,0.920000
2778,1.000000
2779,0.930000
2780,0.890000
2781,0.950000
2782,0.940000
2783,1.000000
2784,0.900000
2785,0.960000
2786,0.920000
2787,0.940000
2788,0.910000
2789,0.930000
2790,0.960000
2791,0.950000
2792,0.930000
2793,0.980000
2794,0.940000
2795,0.890000
2796,0.960000
2797,0.940000
2798,0.900000
2799,0.980000
2800,0.940000
2801,0.900000
2802,0.870000
2803,0.910000
2804,0.990000
2805,0.890000
2806,0.840000
2807,0.900000
2808,1.000000
2809,0.920000
2810,0.940000
2811,0.940000
2812,0.990000
2813,0.920000
2814,0.900000
2815,0.920000
2816,0.990000
2817,0.940000
2818,0.980000
2819,0.930000
2820,0.940000
2821,0.930000
2822,0.950000
2823,0.900000
2824,0.910000
2825,0.950000
2826,0.940000
2827,0.990000
2828,0.960000
2829,0.970000
2830,0.930000
2831,0.950000
2832,0.980000
2833,0.970000
2834,0.980000
2835,0.920000
2836,0.930000
2837,0.930000
2838,0.880000
2839,0.940000
2840,0.950000
2841,0.930000
2842,0.920000
2843,0.900000
2844,0.940000
2845,0.950000
2846,0.940000
2847,0.980000
2848,0.910000
2849,0.890000
2850,0.910000
2851,0.960000
2852,0.930000
2853,0.890000
2854,0.940000
2855,0.910000
2856,0.870000
2857,0.930000
2858,0.950000
2859,0.930000
2860,0.960000
2861,0.960000
2862,0.860000
2863,0.980000
2864,0.910000
2865,1.000000
2866,0.970000
2867,0.870000
2868,1.000000
2869,0.940000
2870,0.970000
2871,0.890000
2872,0.890000
2873,0.930000
2874,1.000000
2875,0.970000
2876,0.920000
2877,0.980000
2878,0.920000
2879,0.910000
2880,0.970000
2881,0.920000
2882,0.980000
2883,0.970000
2884,0.910000
2885,0.910000
2886,0.880000
2887,0.980000
2888,0.970000
2889,0.920000
2890,0.970000
2891,0.930000
2892,0.980000
2893,0.930000
2894,0.940000
2895,0.960000
2896,0.940000
2897,0.950000
2898,0.880000
2899,0.910000
2900,0.990000
2901,0.940000
2902,0.950000
2903,0.920000
2904,0.950000
2905,0.910000
2906,0.970000
2907,0.870000
2908,0.950000
2909,0.850000
2910,0.900000
2911,0.920000
2912,0.910000
2913,0.960000
2914,0.940000
2915,0.910000
2916,0.970000
2917,0.950000
2918,0.880000
2919,0.910000
2920,0.920000
2921,0.960000
2922,0.930000
2923,0.950000
2924,0.980000
2925,0.870000
2926,1.000000
2927,0.890000
2928,1.000000
2929,0.940000
2930,0.900000
2931,1.000000
2932,0.970000
2933,1.000000
2934,0.900000
2935,0.890000
2936,0.950000
2937,0.930000
2938,0.960000
2939,0.980000
2940,0.970000
2941,0.880000
2942,0.950000
2943,0.880000
2944,0.910000
2945,0.970000
2946,0.960000
2947,0.910000
2948,0.930000
2949,0.990000
2950,0.870000
2951,0.970000
2952,0.940000
2953,0.890000
2954,0.960000
2955,0.950000
2956,0.930000
2957,0.980000
2958,0.950000
2959,0.910000
2960,0.950000
2961,0.890000
2962,0.970000
2963,0.980000
2964,0.950000
2965,0.980000
2966,0.880000
2967,0.940000
2968,0.970000
2969,0.920000
2970,0.950000
2971,0.990000
2972,0.930000
2973,0.930000
2974,1.000000
2975,0.960000
2976,0.920000
2977,0.990000
2978,0.970000
2979,0.970000
2980,0.960000
2981,0.900000
2982,0.930000
2983,0.970000
2984,0.890000
2985,0.890000
2986,0.930000
2987,0.910000
2988,0.930000
2989,0.920000
2990,0.990000
2991,0.980000
2992,0.890000
2993,0.950000
2994,0.990000
2995,0.900000
2996,0.930000
2997,0.940000
2998,0.950000
2999,0.990000
3000,0.930000
3001,0.950000
3002,0.980000
3003,0.970000
3004,0.890000
3005,0.950000
3006,0.890000
3007,0.940000
3008,0.990000
3009,0.950000
3010,0.950000
3011,0.900000
3012,0.980000
3013,0.960000
3014,0.990000
3015,0.990000
3016,0.910000
3017,0.990000
3018,0.990000
3019,0.950000
3020,0.870000
3021,0.930000
3022,0.930000
3023,0.970000
3024,0.900000
3025,0.910000
3026,0.910000
3027,0.930000
3028,0.950000
3029,0.910000
3030,0.960000
3031,0.980000
3032,0.950000
3033,0.900000
3034,0.960000
3035,0.930000
3036,0.990000
3037,0.990000
3038,0.970000
3039,0.970000
3040,0.990000
3041,0.960000
3042,0.960000
3043,0.960000
3044,0.870000
3045,0.960000
3046,0.940000
3047,0.940000
3048,0.930000
3049,0.900000
3050,0.910000
3051,0.970000
3052,0.930000
3053,0.900000
3054,0.950000
3055,0.930000
3056,0.960000
3057,0.960000
3058,0.910000
3059,0.960000
3060,0.950000
3061,0.980000
3062,0.930000
3063,0.990000
3064,0.940000
3065,0.990000
3066,0.900000
3067,0.940000
3068,0.920000
3069,0.930000
3070,0.950000
3071,0.930000
3072,0.930000
3073,0.970000
3074,0.900000
3075,0.970000
3076,0.920000
3077,0.920000
3078,0.980000
3079,0.970000
3080,0.970000
3081,0.960000
3082,0.950000
3083,0.950000
3084,0.950000
3085,0.890000
3086,0.930000
3087,0.970000
3088,0.890000
3089,0.890000
3090,0.930000
3091,0.940000
3092,0.960000
3093,0.940000
3094,0.950000
3095,0.920000
3096,0.970000
3097,0.970000
3098,0.920000
3099,0.910000
3100,0.990000
3101,0.940000
3102,0.910000
3103,0.890000
3104,0.920000
3105,0.910000
3106,0.930000
3107,0.920000
3108,0.920000
3109,0.940000
3110,0.980000
3111,0.960000
3112,0.950000
3113,0.940000
3114,0.940000
3115,0.910000
3116,0.910000
3117,0.980000
3118,0.930000
3119,0.990000
3120,0.990000
3121,0.950000
3122,0.920000
3123,0.940000
3124,0.990000
3125,0.970000
3126,0.960000
3127,0.910000
3128,0.950000
3129,0.930000
3130,0.920000
3131,0.980000
3132,0.990000
3133,0.890000
3134,0.970000
3135,0.910000
3136,0.880000
3137,0.990000
3138,0.910000
3139,0.990000
3140,0.900000
3141,0.910000
3142,0.890000
3143,0.960000
3144,0.900000
3145,0.880000
3146,0.970000
3147,0.960000
3148,1.000000
3149,0.950000
3150,0.970000
3151,0.910000
3152,0.970000
3153,0.890000
3154,0.950000
3155,0.930000
3156,0.930000
3157,0.890000
3158,0.930000
3159,0.940000
3160,0.910000
3161,0.920000
3162,0.960000
3163,0.920000
3164,0.960000
3165,0.960000
3166,0.990000
3167,0.900000
3168,0.980000
3169,0.900000
3170,0.990000
3171,0.950000
3172,0.940000
3173,0.940000
3174,0.910000
3175,0.920000
3176,0.910000
3177,0.990000
3178,0.940000
3179,0.940000
3180,0.910000
3181,0.940000
3182,0.970000
3183,0.920000
3184,0.980000
3185,0.950000
3186,0.900000
3187,0.900000
3188,0.960000
3189,1.000000
3190,0.990000
3191,0.960000
3192,0.940000
3193,0.970000
3194,0.960000
3195,0.850000
3196,0.970000
3197,0.870000
3198,0.920000
3199,0.870000
3200,0.970000
3201,0.920000
3202,0.950000
3203,0.890000
3204,0.930000
3205,0.940000
3206,0.970000
3207,0.980000
3208,0.980000
3209,0.980000
3210,0.980000
3211,0.900000
3212,0.950000
3213,0.970000
3214,0.940000
3215,0.940000
3216,0.950000
3217,0.980000
3218,0.970000
3219,0.910000
3220,0.970000
3221,0.910000
3222,0.970000
3223,0.960000
3224,0.980000
3225,0.910000
3226,0.910000
3227,0.900000
3228,0.950000
3229,0.970000
3230,0.960000
3231,0.930000
3232,1.000000
3233,0.980000
3234,1.000000
3235,0.950000
3236,0.940000
3237,0.940000
3238,0.980000
3239,0.960000
3240,0.890000
3241,0.950000
3242,0.960000
3243,0.970000
3244,0.960000
3245,0.940000
3246,0.950000
3247,0.990000
3248,0.970000
3249,0.950000
3250,0.940000
3251,0.950000
3252,0.890000
3253,0.960000
3254,0.980000
3255,0.980000
3256,0.930000
3257,0.940000
3258,0.890000
3259,0.930000
3260,1.000000
3261,0.920000
3262,0.940000
3263,0.910000
3264,1.000000
3265,0.960000
3266,0.970000
3267,0.950000
3268,0.900000
3269,0.950000
3270,1.000000
3271,0.980000
3272,0.980000
3273,0.920000
3274,0.970000
3275,0.960000
3276,0.910000
3277,0.990000
3278,0.890000
3279,0.940000
3280,0.980000
3281,0.940000
3282,0.900000
3283,0.890000
3284,0.940000
3285,0.860000
3286,0.950000
3287,0.960000
3288,0.940000
3289,0.930000
3290,0.980000
3291,0.890000
3292,0.900000
3293,0.880000
3294,0.980000
3295,0.940000
3296,0.930000
3297,0.980000
3298,0.930000
3299,0.910000
3300,0.900000
3301,0.950000
3302,0.940000
3303,0.950000
3304,0.930000
3305,0.870000
3306,0.980000
3307,0.970000
3308,0.890000
3309,0.960000
3310,0.980000
3311,0.940000
3312,0.980000
3313,0.900000
3314,0.970000
3315,0.960000
3316,0.990000
3317,1.000000
3318,0.980000
3319,0.950000
3320,0.960000
3321,0.950000
3322,1.000000
3323,0.860000
3324,0.940000
3325,0.930000
3326,0.950000
3327,0.960000
3328,0.980000
3329,0.920000
3330,0.950000
3331,0.990000
3332,1.000000
3333,0.980000
3334,0.890000
3335,0.940000
3336,1.000000
3337,0.960000
3338,0.880000
3339,0.920000
3340,0.990000
3341,0.900000
3342,0.960000
3343,0.980000
3344,0.950000
3345,0.990000
3346,0.970000
3347,0.930000
3348,0.970000
3349,0.890000
3350,0.990000
3351,0.960000
3352,0.900000
3353,0.890000
3354,0.940000
3355,0.930000
3356,0.970000
3357,0.950000
3358,0.950000
3359,0.980000
3360,0.920000
3361,0.970000
3362,0.940000
3363,0.930000
3364,0.900000
3365,0.950000
3366,0.910000
3367,0.910000
3368,0.960000
3369,0.920000
3370,0.990000
3371,0.930000
3372,0.960000
3373,0.940000
3374,0.990000
3375,0.960000
3376,0.920000
3377,0.960000
3378,0.950000
3379,0.960000
3380,0.980000
3381,0.950000
3382,0.880000
3383,0.960000
3384,0.940000
3385,0.950000
3386,0.980000
3387,0.980000
3388,0.900000
3389,0.960000
3390,0.970000
3391,0.900000
3392,0.980000
3393,0.950000
3394,0.920000
3395,0.970000
3396,0.910000
3397,0.890000
3398,0.930000
3399,0.960000
3400,0.940000
3401,0.960000
3402,0.920000
3403,0.910000
3404,0.900000
3405,0.990000
3406,0.930000
3407,0.980000
3408,0.910000
3409,0.910000
3410,0.940000
3411,0.920000
3412,0.910000
3413,0.930000
3414,0.990000
3415,1.000000
3416,0.990000
3417,0.850000
3418,0.990000
3419,0.950000
3420,0.930000
3421,0.910000
3422,0.950000
3423,0.950000
3424,0.930000
3425,0.880000
3426,0.910000
3427,0.890000
3428,0.900000
3429,0.930000
3430,0.970000
3431,0.890000
3432,0.970000
3433,0.840000
3434,0.930000
3435,0.970000
3436,0.960000
3437,0.910000
3438,0.930000
3439,0.940000
3440,0.990000
3441,0.930000
3442,1.000000
3443,1.000000
3444,0.910000
3445,0.930000
3446,0.910000
3447,0.940000
3448,0.930000
3449,0.870000
3450,0.930000
3451,0.910000
3452,0.980000
3453,0.890000
3454,0.960000
3455,0.960000
3456,0.890000
3457,0.990000
3458,0.900000
3459,0.910000
3460,0.920000
3461,0.960000
3462,0.930000
3463,0.950000
3464,0.950000
3465,0.850000
3466,0.960000
3467,0.930000
3468,0.990000
3469,0.930000
3470,0.980000
3471,0.970000
3472,0.890000
3473,0.950000
3474,0.970000
3475,0.990000
3476,0.950000
3477,0.980000
3478,0.880000
3479,0.930000
3480,0.940000
3481,0.900000
3482,0.950000
3483,0.930000
3484,0.940000
3485,0.940000
3486,0.880000
3487,0.930000
3488,0.940000
3489,0.990000
3490,0.990000
3491,0.880000
3492,0.950000
3493,0.910000
3494,0.930000
3495,0.940000
3496,0.980000
3497,0.940000
3498,0.980000
3499,0.940000
3500,0.980000
3501,0.970000
3502,0.880000
3503,0.950000
3504,0.980000
3505,0.890000
3506,0.960000
3507,0.990000
3508,0.950000
3509,0.950000
3510,0.890000
3511,1.000000
3512,0.950000
3513,0.940000
3514,0.930000
3515,0.980000
3516,0.950000
3517,0.960000
3518,0.920000
3519,1.000000
3520,0.980000
3521,0.990000
3522,0.940000
3523,0.930000
3524,0.910000
3525,0.970000
3526,0.940000
3527,0.960000
3528,1.000000
3529,0.950000
3530,0.940000
3531,1.000000
3532,0.900000
3533,0.980000
3534,0.960000
3535,0.930000
3536,0.970000
3537,0.940000
3538,1.000000
3539,0.990000
3540,0.880000
3541,0.910000
3542,0.990000
3543,0.950000
3544,0.960000
3545,0.960000
3546,0.920000
3547,0.890000
3548,0.960000
3549,0.950000
3550,0.960000
3551,0.910000
3552,1.000000
3553,0.990000
3554,0.930000
3555,1.000000
3556,0.960000
3557,0.900000
3558,0.910000
3559,0.940000
3560,0.960000
3561,0.890000
3562,0.890000
3563,0.960000
3564,0.900000
3565,0.890000
3566,0.980000
3567,0.960000
3568,0.950000
3569,0.910000
3570,0.920000
3571,0.930000
3572,0.910000
3573,1.000000
3574,0.950000
3575,0.980000
3576,0.930000
3577,0.890000
3578,0.970000
3579,0.980000
3580,0.930000
3581,0.950000
3582,0.910000
3583,0.870000
3584,0.930000
3585,0.950000
3586,0.890000
3587,1.000000
3588,0.970000
3589,1.000000
3590,0.920000
3591,0.970000
3592,0.970000
3593,0.980000
3594,0.950000
3595,0.910000
3596,0.960000
3597,0.940000
3598,0.910000
3599,0.950000
3600,0.960000
3601,0.940000
3602,0.970000
3603,0.870000
3604,0.950000
3605,0.870000
3606,0.900000
3607,0.870000
3608,0.990000
3609,0.990000
3610,0.960000
3611,0.950000
3612,0.950000
3613,0.960000
3614,0.920000
3615,0.880000
3616,0.980000
3617,0.900000
3618,0.950000
3619,0.890000
3620,0.890000
3621,0.880000
3622,0.960000
3623,0.890000
3624,0.910000
3625,0.870000
3626,0.930000
3627,0.970000
3628,0.950000
3629,0.960000
3630,0.960000
3631,0.860000
3632,0.910000
3633,0.950000
3634,0.920000
3635,0.960000
3636,1.000000
3637,0.980000
3638,0.990000
3639,0.990000
3640,0.940000
3641,0.940000
3642,0.960000
3643,0.990000
3644,0.990000
3645,0.920000
3646,0.960000
3647,0.940000
3648,1.000000
3649,0.880000
3650,0.950000
3651,0.970000
3652,0.960000
3653,0.940000
3654,0.990000
3655,0.890000
3656,0.950000
3657,0.990000
3658,0.990000
3659,0.900000
3660,0.930000
3661,0.890000
3662,0.970000
3663,0.930000
3664,0.970000
3665,0.950000
3666,0.960000
3667,0.980000
3668,0.990000
3669,0.880000
3670,0.880000
3671,0.900000
3672,0.980000
3673,0.940000
3674,0.910000
3675,0.940000
3676,0.880000
3677,0.950000
3678,0.930000
3679,1.000000
3680,0.940000
3681,0.980000
3682,0.870000
3683,1.000000
3684,0.990000
3685,0.930000
3686,1.000000
3687,0.970000
3688,1.000000
3689,0.980000
3690,0.920000
3691,0.920000
3692,0.970000
3693,0.940000
3694,0.990000
3695,0.960000
3696,0.970000
3697,0.890000
3698,0.970000
3699,0.950000
3700,0.960000
3701,0.920000
3702,0.910000
3703,0.890000
3704,0.910000
3705,0.870000
3706,0.950000
3707,0.970000
3708,0.950000
3709,0.900000
3710,0.880000
3711,0.930000
3712,0.920000
3713,1.000000
3714,0.950000
3715,0.970000
3716,0.920000
3717,1.000000
3718,0.920000
3719,0.920000
3720,0.970000
3721,0.950000
3722,0.890000
3723,0.910000
3724,0.940000
3725,0.990000
3726,0.970000
3727,0.980000
3728,0.940000
3729,0.990000
3730,0.910000
3731,0.980000
3732,0.990000
3733,0.970000
3734,0.920000
3735,1.000000
3736,0.980000
3737,0.930000
3738,0.950000
3739,0.940000
3740,0.960000
3741,0.940000
3742,0.880000
3743,0.890000
3744,0.980000
3745,0.970000
3746,0.950000
3747,0.980000
3748,0.880000
3749,0.960000
3750,0.940000
3751,0.900000
3752,0.940000
3753,0.910000
3754,0.880000
3755,0.980000
3756,0.940000
3757,0.950000
3758,0.980000
3759,0.940000
3760,0.930000
3761,0.960000
3762,0.960000
3763,0.930000
3764,0.960000
3765,0.960000
3766,0.970000
3767,0.960000
3768,0.920000
3769,0.900000
3770,0.930000
3771,0.890000
3772,0.890000
3773,0.960000
3774,0.980000
3775,0.970000
3776,0.970000
3777,0.940000
3778,0.900000
3779,0.920000
3780,0.960000
3781,0.910000
3782,0.900000
3783,0.990000
3784,0.990000
3785,0.960000
3786,0.880000
3787,0.960000
3788,0.990000
3789,0.880000
3790,0.950000
3791,0.960000
3792,1.000000
3793,0.940000
3794,0.900000
3795,0.930000
3796,1.000000
3797,0.920000
3798,0.970000
3799,0.930000
3800,0.890000
3801,0.990000
3802,0.980000
3803,0.950000
3804,0.990000
3805,0.950000
3806,0.940000
3807,0.910000
3808,0.950000
3809,0.980000
3810,0.860000
3811,0.900000
3812,0.940000
3813,0.930000
3814,0.920000
3815,1.000000
3816,0.920000
3817,0.950000
3818,0.990000
3819,0.910000
3820,0.980000
3821,0.960000
3822,0.990000
3823,0.970000
3824,0.910000
3825,0.990000
3826,1.000000
3827,0.980000
3828,0.910000
3829,0.940000
3830,1.000000
3831,0.910000
3832,0.920000
3833,0.940000
3834,0.900000
3835,0.960000
3836,0.940000
3837,0.890000
3838,0.990000
3839,0.960000
3840,0.960000
3841,0.950000
3842,0.930000
3843,0.950000
3844,0.910000
3845,0.960000
3846,0.920000
3847,0.930000
3848,0.920000
3849,0.920000
3850,0.990000
3851,0.950000
3852,0.940000
3853,0.920000
3854,0.950000
3855,0.970000
3856,0.920000
3857,0.950000
3858,0.900000
3859,1.000000
3860,0.930000
3861,0.930000
3862,0.920000
3863,0.970000
3864,0.950000
3865,0.960000
3866,0.950000
3867,0.910000
3868,0.980000
3869,0.920000
3870,0.950000
3871,1.000000
3872,0.960000
3873,0.990000
3874,0.930000
3875,0.950000
3876,0.920000
3877,0.940000
3878,0.930000
3879,0.980000
3880,0.980000
3881,0.940000
3882,0.980000
3883,0.940000
3884,0.930000
3885,0.980000
3886,0.930000
3887,0.980000
3888,0.950000
3889,0.890000
3890,0.920000
3891,0.990000
3892,0.940000
3893,0.950000
3894,0.940000
3895,0.960000
3896,0.960000
3897,0.990000
3898,1.000000
3899,0.910000
3900,0.990000
3901,0.990000
3902,0.960000
3903,0.970000
3904,0.930000
3905,0.990000
3906,0.940000
3907,0.990000
3908,0.920000
3909,0.880000
3910,0.960000
3911,0.920000
3912,0.940000
3913,0.960000
3914,0.930000
3915,0.940000
3916,0.950000
3917,0.960000
3918,0.940000
3919,0.960000
3920,0.980000
3921,0.960000
3922,0.990000
3923,0.950000
3924,0.920000
3925,0.920000
3926,0.980000
3927,0.980000
3928,0.960000
3929,0.910000
3930,0.960000
3931,0.920000
3932,0.930000
3933,0.950000
3934,0.960000
3935,0.980000
3936,0.910000
3937,1.000000
3938,0.880000
3939,0.910000
3940,0.990000
3941,0.940000
3942,0.980000
3943,0.980000
3944,0.970000
3945,0.930000
3946,0.950000
3947,0.950000
3948,0.890000
3949,1.000000
3950,0.910000
3951,0.900000
3952,0.950000
3953,0.970000
3954,0.970000
3955,0.930000
3956,0.900000
3957,0.940000
3958,0.990000
3959,0.930000
3960,0.960000
3961,0.920000
3962,0.880000
3963,0.990000
3964,0.940000
3965,0.980000
3966,1.000000
3967,1.000000
3968,0.980000
3969,0.910000
3970,0.880000
3971,0.970000
3972,0.950000
3973,0.970000
3974,0.930000
3975,0.970000
3976,0.910000
3977,0.960000
3978,0.990000
3979,0.950000
3980,0.950000
3981,0.870000
3982,0.960000
3983,0.920000
3984,0.970000
3985,0.920000
3986,0.950000
3987,0.960000
3988,0.860000
3989,1.000000
3990,0.960000
3991,0.950000
3992,0.960000
3993,0.980000
3994,0.940000
3995,0.940000
3996,0.960000
3997,0.980000
3998,0.970000
3999,0.930000
4000,0.930000
4001,0.960000
4002,0.920000
4003,0.960000
4004,0.980000
4005,0.960000
4006,0.980000
4007,0.950000
4008,0.920000
4009,0.980000
4010,0.860000
4011,0.920000
4012,0.960000
4013,0.910000
4014,0.930000
4015,0.900000
4016,0.970000
4017,0.920000
4018,0.980000
4019,0.970000
4020,0.960000
4021,0.920000
4022,0.970000
4023,0.990000
4024,0.890000
4025,0.950000
4026,0.910000
4027,0.980000
4028,0.950000
4029,0.980000
4030,0.960000
4031,0.930000
4032,0.950000
4033,0.960000
4034,0.930000
4035,0.940000
4036,0.940000
4037,0.920000
4038,0.940000
4039,0.900000
4040,0.990000
4041,0.950000
4042,0.950000
4043,0.970000
4044,0.930000
4045,0.970000
4046,0.920000
4047,0.920000
4048,0.960000
4049,0.980000
4050,1.000000
4051,0.930000
4052,0.980000
4053,0.910000
4054,0.980000
4055,0.920000
4056,0.960000
4057,0.910000
4058,1.000000
4059,0.970000
4060,0.950000
4061,0.930000
4062,0.960000
4063,0.880000
4064,0.950000
4065,0.930000
4066,0.990000
4067,1.000000
4068,0.950000
4069,0.950000
4070,0.990000
4071,0.950000
4072,0.890000
4073,0.920000
4074,0.990000
4075,0.900000
4076,0.990000
4077,0.990000
4078,0.990000
4079,0.970000
4080,0.950000
4081,0.920000
4082,0.930000
4083,0.910000
4084,0.930000
4085,0.910000
4086,0.920000
4087,0.940000
4088,0.910000
4089,0.930000
4090,0.940000
4091,0.870000
4092,0.920000
4093,0.950000
4094,0.890000
4095,0.930000
4096,0.970000
4097,0.920000
4098,0.990000
4099,0.890000
4100,0.990000
4101,0.950000
4102,0.950000
4103,0.930000
4104,0.920000
4105,0.910000
4106,0.970000
4107,0.920000
4108,1.000000
4109,0.910000
4110,0.910000
4111,1.000000
4112,0.930000
4113,0.900000
4114,0.910000
4115,0.940000
4116,0.920000
4117,0.970000
4118,0.940000
4119,0.920000
4120,0.990000
4121,0.920000
4122,0.970000
4123,0.960000
4124,0.940000
4125,0.950000
4126,0.960000
4127,0.960000
4128,0.940000
4129,0.970000
4130,0.940000
4131,0.970000
4132,0.950000
4133,0.960000
4134,0.930000
4135,0.960000
4136,0.980000
4137,0.900000
4138,0.990000
4139,0.900000
4140,0.930000
4141,0.930000
4142,0.990000
4143,0.950000
4144,0.970000
4145,0.890000
4146,0.990000
4147,0.930000
4148,0.870000
4149,0.890000
4150,0.900000
4151,0.990000
4152,0.930000
4153,0.980000
4154,0.920000
4155,0.960000
4156,0.940000
4157,0.900000
4158,0.950000
4159,0.940000
4160,0.950000
4161,0.930000
4162,0.930000
4163,0.950000
4164,0.970000
4165,0.900000
4166,1.000000
4167,0.970000
4168,0.950000
4169,0.930000
4170,0.900000
4171,0.930000
4172,0.940000
4173,0.980000
4174,0.920000
4175,0.920000
4176,0.970000
4177,0.910000
4178,0.960000
4179,0.950000
4180,1.000000
4181,0.940000
4182,0.890000
4183,0.930000
4184,0.990000
4185,0.910000
4186,0.980000
4187,0.930000
4188,0.910000
4189,0.920000
4190,0.970000
4191,0.990000
4192,0.960000
4193,0.980000
4194,0.980000
4195,0.950000
4196,0.960000
4197,0.900000
4198,0.950000
4199,0.990000
4200,0.900000
4201,0.990000
4202,0.910000
4203,0.970000
4204,0.990000
4205,0.910000
4206,0.900000
4207,0.960000
4208,0.910000
4209,0.940000
4210,0.960000
4211,1.000000
4212,0.860000
4213,0.960000
4214,0.950000
4215,0.970000
4216,0.950000
4217,0.970000
4218,0.950000
4219,0.950000
4220,0.950000
4221,0.960000
4222,1.000000
4223,0.950000
4224,0.960000
4225,0.950000
4226,1.000000
4227,0.970000
4228,1.000000
4229,0.950000
4230,0.910000
4231,1.000000
4232,0.950000
4233,0.980000
4234,0.860000
4235,1.000000
4236,0.990000
4237,0.940000
4238,0.960000
4239,0.950000
4240,0.910000
4241,0.990000
4242,0.960000
4243,0.950000
4244,0.980000
4245,0.870000
4246,0.980000
4247,0.970000
4248,1.000000
4249,0.930000
4250,0.930000
4251,0.950000
4252,0.920000
4253,0.910000
4254,0.930000
4255,0.970000
4256,1.000000
4257,0.960000
4258,0.970000
4259,0.980000
4260,0.920000
4261,0.980000
4262,0.950000
4263,0.920000
4264,0.890000
4265,0.980000
4266,0.930000
4267,0.960000
4268,0.960000
4269,0.990000
4270,0.930000
4271,0.960000
4272,0.920000
4273,0.920000
4274,0.980000
4275,0.950000
4276,0.970000
4277,1.000000
4278,0.990000
4279,0.930000
4280,0.980000
4281,0.990000
4282,0.990000
4283,0.900000
4284,0.900000
4285,0.930000
4286,0.920000
4287,0.950000
4288,0.910000
4289,0.990000
4290,0.920000
4291,0.950000
4292,0.980000
4293,0.970000
4294,0.990000
4295,0.900000
4296,0.920000
4297,0.900000
4298,0.970000
4299,0.950000
4300,1.000000
4301,0.940000
4302,0.960000
4303,1.000000
4304,0.960000
4305,0.930000
4306,0.910000
4307,0.980000
4308,0.960000
4309,0.940000
4310,0.960000
4311,0.970000
4312,0.960000
4313,0.970000
4314,0.970000
4315,0.920000
4316,0.910000
4317,0.980000
4318,0.980000
4319,0.940000
4320,0.980000
4321,0.970000
4322,0.880000
4323,0.960000
4324,0.980000
4325,0.950000
4326,0.980000
4327,0.940000
4328,0.940000
4329,0.960000
4330,0.940000
4331,0.980000
4332,0.930000
4333,1.000000
4334,0.910000
4335,0.900000
4336,0.930000
4337,0.950000
4338,0.920000
4339,0.950000
4340,0.940000
4341,0.950000
4342,0.960000
4343,0.920000
4344,0.980000
4345,0.980000
4346,0.960000
4347,0.960000
4348,0.890000
4349,0.930000
4350,0.880000
4351,0.990000
4352,0.980000
4353,0.910000
4354,0.940000
4355,0.960000
4356,1.000000
4357,0.900000
4358,0.980000
4359,0.910000
4360,0.980000
4361,0.950000
4362,0.950000
4363,0.980000
4364,0.970000
4365,0.890000
4366,0.970000
4367,1.000000
4368,0.990000
4369,0.930000
4370,0.930000
4371,0.950000
4372,0.930000
4373,1.000000
4374,1.000000
4375,0.930000
4376,0.900000
4377,0.880000
4378,0.960000
4379,0.960000
4380,0.950000
4381,0.980000
4382,0.930000
4383,0.950000
4384,0.900000
4385,0.950000
4386,0.920000
4387,0.990000
4388,0.940000
4389,1.000000
4390,0.910000
4391,0.990000
4392,1.000000
4393,0.960000
4394,0.940000
4395,0.940000
4396,0.950000
4397,0.950000
4398,0.970000
4399,0.970000
4400,0.920000
4401,0.960000
4402,0.970000
4403,0.880000
4404,0.950000
4405,1.000000
4406,1.000000
4407,0.970000
4408,0.960000
4409,0.890000
4410,0.920000
4411,0.970000
4412,0.970000
4413,0.940000
4414,0.980000
4415,0.900000
4416,0.960000
4417,0.990000
4418,0.920000
4419,0.930000
4420,0.910000
4421,0.950000
4422,0.910000
4423,0.980000
4424,1.000000
4425,0.890000
4426,0.930000
4427,0.970000
4428,0.950000
4429,0.940000
4430,0.960000
4431,0.950000
4432,0.970000
4433,0.970000
4434,0.940000
4435,0.920000
4436,0.990000
4437,0.990000
4438,0.980000
4439,0.950000
4440,0.940000
4441,0.980000
4442,0.920000
4443,0.900000
4444,0.900000
4445,1.000000
4446,0.960000
4447,0.930000
4448,0.920000
4449,0.940000
4450,0.940000
4451,0.960000
4452,0.950000
4453,0.910000
4454,0.930000
4455,0.990000
4456,0.930000
4457,1.000000
4458,0.980000
4459,0.910000
4460,0.950000
4461,0.900000
4462,0.970000
4463,0.880000
4464,0.940000
4465,0.900000
4466,0.930000
4467,0.930000
4468,0.970000
4469,0.990000
4470,0.910000
4471,0.920000
4472,0.900000
4473,0.990000
4474,0.930000
4475,0.880000
4476,0.990000
4477,0.890000
4478,0.920000
4479,0.980000
4480,0.990000
4481,0.940000
4482,0.950000
4483,0.980000
4484,1.000000
4485,0.940000
4486,0.900000
4487,0.980000
4488,0.970000
4489,1.000000
4490,0.850000
4491,0.950000
4492,0.920000
4493,0.880000
4494,0.860000
4495,0.970000
4496,0.920000
4497,0.880000
4498,0.930000
4499,0.890000
4500,0.890000
4501,0.930000
4502,0.880000
4503,0.890000
4504,0.900000
4505,0.980000
4506,0.940000
4507,0.950000
4508,0.980000
4509,0.990000
4510,0.970000
4511,0.920000
4512,0.990000
4513,0.850000
4514,0.940000
4515,0.910000
4516,0.950000
4517,0.960000
4518,0.950000
4519,0.950000
4520,0.930000
4521,0.970000
4522,0.950000
4523,0.940000
4524,0.980000
4525,0.900000
4526,1.000000
4527,0.970000
4528,0.930000
4529,0.970000
4530,0.930000
4531,0.960000
4532,0.910000
4533,0.910000
4534,0.960000
4535,0.940000
4536,1.000000
4537,0.910000
4538,1.000000
4539,0.940000
4540,0.940000
4541,0.940000
4542,0.890000
4543,0.980000
4544,0.920000
4545,0.950000
4546,0.950000
4547,0.880000
4548,0.990000
4549,0.930000
4550,0.950000
4551,0.930000
4552,0.950000
4553,0.920000
4554,0.910000
4555,0.990000
4556,0.930000
4557,0.920000
4558,1.000000
4559,0.930000
4560,0.980000
4561,0.920000
4562,0.970000
4563,0.970000
4564,0.980000
4565,0.950000
4566,0.940000
4567,1.000000
4568,0.980000
4569,0.970000
4570,0.900000
4571,0.910000
4572,0.980000
4573,0.950000
4574,0.970000
4575,0.930000
4576,0.990000
4577,0.970000
4578,0.940000
4579,0.950000
4580,0.930000
4581,0.890000
4582,0.950000
4583,1.000000
4584,0.980000
4585,0.990000
4586,0.890000
4587,0.890000
4588,0.910000
4589,0.950000
4590,0.910000
4591,0.970000
4592,0.960000
4593,0.960000
4594,0.940000
4595,0.900000
4596,0.940000
4597,0.990000
4598,0.990000
4599,0.900000
4600,0.910000
4601,0.900000
4602,0.990000
4603,0.900000
4604,0.980000
4605,0.930000
4606,0.900000
4607,0.930000
4608,0.920000
4609,0.970000
4610,0.890000
4611,0.980000
4612,0.980000
4613,0.940000
4614,0.990000
4615,0.970000
4616,0.950000
4617,0.990000
4618,0.990000
4619,1.000000
4620,0.950000
4621,1.000000
4622,0.930000
4623,0.960000
4624,0.880000
4625,0.930000
4626,1.000000
4627,0.920000
4628,0.910000
4629,0.940000
4630,0.950000
4631,0.980000
4632,0.930000
4633,0.980000
4634,0.980000
4635,0.970000
4636,0.990000
4637,0.910000
4638,1.000000
4639,0.990000
4640,0.940000
4641,0.990000
4642,1.000000
4643,0.940000
4644,0.940000
4645,0.940000
4646,0.990000
4647,0.970000
4648,0.980000
4649,0.910000
4650,0.950000
4651,0.890000
4652,0.980000
4653,0.960000
4654,0.950000
4655,0.950000
4656,0.920000
4657,0.950000
4658,0.930000
4659,0.940000
4660,0.960000
4661,0.920000
4662,0.940000
4663,0.940000
4664,0.990000
4665,0.940000
4666,0.960000
4667,0.950000
4668,0.940000
4669,0.880000
4670,0.940000
4671,0.940000
4672,0.920000
4673,0.960000
4674,0.920000
4675,0.920000
4676,0.980000
4677,0.960000
4678,0.930000
4679,0.960000
4680,0.950000
4681,0.910000
4682,0.910000
4683,0.890000
4684,0.960000
4685,0.950000
4686,0.960000
4687,0.930000
4688,0.920000
4689,0.860000
4690,0.880000
4691,0.880000
4692,0.940000
4693,0.920000
4694,0.910000
4695,0.930000
4696,0.930000
4697,0.870000
4698,1.000000
4699,0.970000
4700,0.990000
4701,0.940000
4702,0.960000
4703,0.880000
4704,0.940000
4705,0.980000
4706,0.950000
4707,0.940000
4708,0.980000
4709,0.950000
4710,0.940000
4711,0.960000
4712,0.970000
4713,0.940000
4714,0.950000
4715,0.930000
4716,1.000000
4717,0.980000
4718,0.930000
4719,0.960000
4720,0.960000
4721,1.000000
4722,0.960000
4723,1.000000
4724,0.960000
4725,0.920000
4726,0.960000
4727,0.920000
4728,0.950000
4729,0.980000
4730,0.950000
4731,0.880000
4732,0.880000
4733,0.940000
4734,0.900000
4735,0.990000
4736,0.900000
4737,0.940000
4738,0.950000
4739,0.950000
4740,0.970000
4741,0.940000
4742,0.980000
4743,0.890000
4744,0.960000
4745,0.950000
4746,1.000000
4747,0.870000
4748,0.910000
4749,0.990000
4750,0.980000
4751,0.980000
4752,0.980000
4753,0.940000
4754,0.960000
4755,0.950000
4756,0.950000
4757,0.970000
4758,0.960000
4759,0.960000
4760,0.900000
4761,0.950000
4762,0.970000
4763,1.000000
4764,0.940000
4765,0.880000
4766,0.970000
4767,1.000000
4768,0.960000
4769,0.970000
4770,0.980000
4771,0.930000
4772,0.870000
4773,0.930000
4774,1.000000
4775,0.990000
4776,0.940000
4777,0.950000
4778,0.880000
4779,0.930000
4780,1.000000
4781,0.920000
4782,0.980000
4783,0.940000
4784,0.960000
4785,0.970000
4786,0.980000
4787,0.980000
4788,0.990000
4789,0.950000
4790,0.960000
4791,0.940000
4792,0.950000
4793,0.970000
4794,0.950000
4795,0.910000
4796,0.970000
4797,0.940000
4798,0.960000
4799,1.000000
4800,0.900000
4801,0.930000
4802,1.000000
4803,0.970000
4804,0.960000
4805,0.980000
4806,0.950000
4807,0.970000
4808,0.980000
4809,0.980000
4810,0.950000
4811,0.940000
4812,0.980000
4813,0.910000
4814,0.930000
4815,0.950000
4816,0.870000
4817,0.890000
4818,0.950000
4819,0.950000
4820,0.870000
4821,0.930000
4822,0.910000
4823,0.960000
4824,0.910000
4825,0.930000
4826,0.970000
4827,0.930000
4828,0.950000
4829,0.950000
4830,0.940000
4831,0.960000
4832,1.000000
4833,0.970000
4834,0.950000
4835,0.880000
4836,0.970000
4837,0.980000
4838,0.910000
4839,0.920000
4840,0.890000
4841,0.990000
4842,0.920000
4843,0.960000
4844,0.950000
4845,0.940000
4846,0.950000
4847,0.920000
4848,0.920000
4849,0.880000
4850,0.990000
4851,0.940000
4852,0.990000
4853,0.960000
4854,0.930000
4855,0.900000
4856,0.960000
4857,0.960000
4858,0.930000
4859,0.950000
4860,0.930000
4861,0.970000
4862,0.900000
4863,0.990000
4864,0.960000
4865,0.920000
4866,0.960000
4867,0.960000
4868,0.950000
4869,0.880000
4870,0.950000
4871,0.930000
4872,0.940000
4873,0.980000
4874,0.930000
4875,0.950000
4876,0.990000
4877,0.870000
4878,0.940000
4879,0.960000
4880,0.970000
4881,0.980000
4882,0.950000
4883,0.980000
4884,0.940000
4885,0.980000
4886,0.930000
4887,0.950000
4888,0.920000
4889,0.980000
4890,0.930000
4891,0.920000
4892,0.940000
4893,0.960000
4894,0.960000
4895,0.960000
4896,0.970000
4897,0.970000
4898,0.970000
4899,0.920000
4900,0.980000
4901,0.990000
4902,0.940000
4903,0.850000
4904,0.900000
4905,1.000000
4906,0.920000
4907,0.920000
4908,0.920000
4909,0.900000
4910,0.910000
4911,0.880000
4912,0.960000
4913,0.880000
4914,0.970000
4915,0.930000
4916,0.910000
4917,0.960000
4918,0.900000
4919,0.990000
4920,0.970000
4921,0.990000
4922,1.000000
4923,0.880000
4924,0.970000
4925,0.930000
4926,0.950000
4927,0.930000
4928,0.890000
4929,0.970000
4930,0.960000
4931,0.970000
4932,0.980000
4933,0.940000
4934,0.970000
4935,0.980000
4936,0.880000
4937,0.960000
4938,0.890000
4939,0.900000
4940,0.940000
4941,0.950000
4942,0.990000
4943,1.000000
4944,0.980000
4945,0.970000
4946,0.920000
4947,0.920000
4948,0.970000
4949,1.000000
4950,0.910000
4951,0.950000
4952,0.960000
4953,0.960000
4954,0.950000
4955,0.950000
4956,0.970000
4957,0.990000
4958,0.960000
4959,0.950000
4960,0.980000
4961,0.940000
4962,0.890000
4963,0.940000
4964,0.920000
4965,0.960000
4966,1.000000
4967,1.000000
4968,0.900000
4969,1.000000
4970,0.870000
4971,0.950000
4972,0.930000
4973,0.940000
4974,0.960000
4975,0.930000
4976,0.940000
4977,0.950000
4978,0.950000
4979,0.980000
4980,0.980000
4981,0.960000
4982,0.980000
4983,0.950000
4984,0.990000
4985,0.940000
4986,0.980000
4987,0.990000
4988,0.960000
4989,0.890000
4990,0.950000
4991,0.900000
4992,0.920000
4993,0.910000
4994,0.980000
4995,0.960000
4996,0.930000
4997,0.930000
4998,0.900000
4999,0.950000
5000,0.940000
5001,0.970000
5002,0.960000
5003,0.980000
5004,0.890000
5005,1.000000
5006,0.940000
5007,0.960000
5008,0.950000
5009,0.910000
5010,0.940000
5011,0.930000
5012,0.950000
5013,0.950000
5014,0.960000
5015,0.910000
5016,0.920000
5017,0.970000
5018,0.950000
5019,0.960000
5020,0.940000
5021,0.960000
5022,0.990000
5023,0.960000
5024,0.950000
5025,0.950000
5026,0.920000
5027,0.960000
5028,0.990000
5029,0.980000
5030,1.000000
5031,0.960000
5032,0.900000
5033,0.980000
5034,0.990000
5035,0.940000
5036,0.910000
5037,0.970000
5038,0.930000
5039,0.980000
5040,0.970000
5041,0.940000
5042,0.960000
5043,1.000000
5044,0.990000
5045,0.990000
5046,0.960000
5047,0.970000
5048,0.970000
5049,0.990000
5050,0.920000
5051,0.980000
5052,0.890000
5053,0.930000
5054,0.950000
5055,1.000000
5056,0.980000
5057,0.960000
5058,0.980000
5059,0.950000
5060,0.910000
5061,0.990000
5062,0.970000
5063,0.930000
5064,0.930000
5065,0.960000
5066,0.980000
5067,0.940000
5068,0.930000
5069,0.980000
5070,0.890000
5071,0.930000
5072,0.950000
5073,0.950000
5074,0.930000
5075,0.940000
5076,0.970000
5077,0.960000
5078,0.970000
5079,0.990000
5080,0.950000
5081,0.940000
5082,0.980000
5083,0.930000
5084,0.980000
5085,0.930000
5086,0.980000
5087,0.960000
5088,0.980000
5089,0.960000
5090,0.970000
5091,0.990000
5092,0.980000
5093,0.990000
5094,0.960000
5095,0.960000
5096,1.000000
5097,0.960000
5098,0.900000
5099,1.000000
5100,0.920000
5101,0.860000
5102,0.960000
5103,0.950000
5104,0.920000
5105,0.900000
5106,0.940000
5107,0.920000
5108,0.940000
5109,0.940000
5110,0.980000
5111,0.980000
5112,0.920000
5113,0.970000
5114,0.990000
5115,0.930000
5116,0.950000
5117,0.980000
5118,0.980000
5119,1.000000
5120,0.940000
5121,1.000000
5122,0.960000
5123,0.970000
5124,0.990000
5125,0.970000
5126,1.000000
5127,0.930000
5128,0.940000
5129,0.980000
5130,0.980000
5131,0.890000
5132,0.960000
5133,0.870000
5134,0.960000
5135,0.960000
5136,1.000000
5137,0.990000
5138,0.970000
5139,0.980000
5140,0.990000
5141,0.990000
5142,0.960000
5143,0.990000
5144,1.000000
5145,0.990000
5146,0.940000
5147,0.940000
5148,0.950000
5149,0.940000
5150,0.990000
5151,0.960000
5152,0.970000
5153,0.950000
5154,0.950000
5155,0.950000
5156,0.930000
5157,0.940000
5158,0.930000
5159,0.870000
5160,0.900000
5161,0.990000
5162,0.920000
5163,0.990000
5164,0.990000
5165,0.990000
5166,0.950000
5167,0.960000
5168,0.960000
5169,0.960000
5170,0.910000
5171,0.970000
5172,0.960000
5173,0.950000
5174,0.990000
5175,0.900000
5176,0.980000
5177,0.930000
5178,0.980000
5179,1.000000
5180,0.960000
5181,0.880000
5182,0.960000
5183,0.940000
5184,0.910000
5185,0.930000
5186,0.950000
5187,0.970000
5188,0.930000
5189,0.930000
5190,0.890000
5191,0.940000
5192,0.970000
5193,0.950000
5194,0.990000
5195,0.920000
5196,0.920000
5197,0.980000
5198,0.950000
5199,0.880000
5200,0.960000
5201,0.930000
5202,0.950000
5203,0.950000
5204,0.950000
5205,0.940000
5206,0.930000
5207,0.910000
5208,0.960000
5209,1.000000
5210,1.000000
5211,1.000000
5212,0.930000
5213,0.970000
5214,0.980000
5215,0.960000
5216,0.940000
5217,0.870000
5218,0.930000
5219,0.980000
5220,0.980000
5221,0.960000
5222,0.970000
5223,1.000000
5224,0.980000
5225,0.980000
5226,0.900000
5227,0.940000
5228,0.940000
5229,0.960000
5230,0.900000
5231,0.990000
5232,0.980000
5233,0.920000
5234,0.960000
5235,1.000000
5236,0.990000
5237,0.880000
5238,0.960000
5239,0.980000
5240,0.960000
5241,0.920000
5242,0.970000
5243,0.910000
5244,0.930000
5245,0.950000
5246,0.930000
5247,0.900000
5248,0.980000
5249,0.960000
5250,0.970000
5251,0.930000
5252,0.990000
5253,0.910000
5254,1.000000
5255,0.980000
5256,0.970000
5257,0.950000
5258,0.870000
5259,0.950000
5260,0.970000
5261,0.900000
5262,0.960000
5263,0.990000
5264,1.000000
5265,0.990000
5266,0.980000
5267,0.960000
5268,0.990000
5269,1.000000
5270,0.870000
5271,0.990000
5272,0.910000
5273,0.930000
5274,0.920000
5275,0.960000
5276,0.980000
5277,0.960000
5278,0.940000
5279,0.910000
5280,0.990000
5281,1.000000
5282,0.950000
5283,0.910000
5284,0.960000
5285,0.970000
5286,0.940000
5287,0.970000
5288,0.950000
5289,0.930000
5290,0.990000
5291,0.950000
5292,0.960000
5293,0.980000
5294,0.900000
5295,0.930000
5296,0.980000
5297,0.960000
5298,0.910000
5299,0.990000
5300,0.920000
5301,1.000000
5302,0.940000
5303,1.000000
5304,0.950000
5305,0.850000
5306,0.970000
5307,0.930000
5308,1.000000
5309,0.950000
5310,0.960000
5311,0.950000
5312,0.920000
5313,1.000000
5314,0.950000
5315,0.890000
5316,0.970000
5317,0.990000
5318,0.950000
5319,0.950000
5320,0.890000
5321,0.980000
5322,0.980000
5323,0.980000
5324,0.900000
5325,0.970000
5326,1.000000
5327,0.990000
5328,0.910000
5329,0.930000
5330,0.930000
5331,0.990000
5332,0.980000
5333,0.950000
5334,0.950000
5335,0.960000
5336,0.890000
5337,0.940000
5338,0.920000
5339,0.950000
5340,0.960000
5341,0.930000
5342,0.940000
5343,0.930000
5344,0.920000
5345,0.970000
5346,0.990000
5347,1.000000
5348,0.940000
5349,1.000000
5350,0.950000
5351,0.950000
5352,0.910000
5353,0.900000
5354,0.880000
5355,0.990000
5356,0.950000
5357,0.920000
5358,1.000000
5359,0.960000
5360,0.920000
5361,0.940000
5362,0.900000
5363,0.950000
5364,0.970000
5365,0.890000
5366,0.990000
5367,0.980000
5368,0.910000
5369,0.920000
5370,0.870000
5371,0.950000
5372,0.970000
5373,0.920000
5374,0.950000
5375,0.890000
5376,0.920000
5377,0.970000
5378,0.930000
5379,0.990000
5380,0.960000
5381,0.900000
5382,0.950000
5383,1.000000
5384,0.970000
5385,0.990000
5386,0.910000
5387,0.950000
5388,0.950000
5389,0.940000
5390,0.930000
5391,0.960000
5392,0.950000
5393,0.940000
5394,0.940000
5395,0.970000
5396,0.950000
5397,0.930000
5398,0.920000
5399,0.940000
5400,0.860000
5401,0.990000
5402,0.960000
5403,0.950000
5404,0.940000
5405,0.950000
5406,0.910000
5407,0.930000
5408,0.890000
5409,0.900000
5410,0.910000
5411,0.950000
5412,0.940000
5413,0.940000
5414,0.950000
5415,0.910000
5416,0.990000
5417,0.990000
5418,0.950000
5419,0.920000
5420,0.970000
5421,0.870000
5422,0.910000
5423,0.960000
5424,0.960000
5425,0.980000
5426,0.950000
5427,0.930000
5428,0.990000
5429,0.940000
5430,0.970000
5431,0.920000
5432,0.910000
5433,0.990000
5434,0.890000
5435,0.980000
5436,0.950000
5437,0.920000
5438,0.950000
5439,0.980000
5440,0.990000
5441,0.940000
5442,0.940000
5443,0.990000
5444,0.960000
5445,0.940000
5446,0.970000
5447,0.990000
5448,0.900000
5449,0.880000
5450,1.000000
5451,0.920000
5452,0.940000
5453,0.980000
5454,0.920000
5455,0.910000
5456,0.960000
5457,0.960000
5458,0.960000
5459,0.960000
5460,0.910000
5461,0.940000
5462,0.920000
5463,0.950000
5464,0.990000
5465,0.960000
5466,0.980000
5467,0.940000
5468,0.950000
5469,0.900000
5470,0.980000
5471,0.910000
5472,0.960000
5473,0.950000
5474,0.950000
5475,0.990000
5476,0.900000
5477,0.970000
5478,0.960000
5479,0.970000
5480,0.970000
5481,0.940000
5482,0.970000
5483,0.990000
5484,0.940000
5485,0.940000
5486,0.950000
5487,0.890000
5488,0.950000
5489,0.900000
5490,0.980000
5491,0.930000
5492,0.900000
5493,0.910000
5494,0.870000
5495,0.950000
5496,0.980000
5497,0.950000
5498,0.950000
5499,0.910000
5500,0.930000
5501,0.990000
5502,0.930000
5503,0.960000
5504,0.950000
5505,0.960000
5506,0.960000
5507,0.990000
5508,0.900000
5509,0.910000
5510,0.960000
5511,0.880000
5512,0.950000
5513,0.980000
5514,0.900000
5515,0.980000
5516,0.950000
5517,0.900000
5518,0.970000
5519,0.950000
5520,1.000000
5521,0.870000
5522,0.990000
5523,0.930000
5524,0.960000
5525,0.950000
5526,1.000000
5527,0.960000
5528,1.000000
5529,0.970000
5530,0.950000
5531,0.940000
5532,0.970000
5533,0.910000
5534,0.960000
5535,0.890000
5536,0.940000
5537,0.980000
5538,0.990000
5539,0.950000
5540,1.000000
5541,0.990000
5542,0.960000
5543,0.970000
5544,0.990000
5545,1.000000
5546,0.920000
5547,0.910000
5548,0.980000
5549,0.860000
5550,0.970000
5551,0.950000
5552,0.970000
5553,0.980000
5554,0.960000
5555,0.920000
5556,0.940000
5557,0.970000
5558,0.970000
5559,0.980000
5560,0.930000
5561,0.870000
5562,0.970000
5563,0.990000
5564,0.980000
5565,0.950000
5566,0.920000
5567,0.920000
5568,0.950000
5569,0.990000
5570,0.960000
5571,0.990000
5572,0.920000
5573,1.000000
5574,0.920000
5575,0.980000
5576,0.950000
5577,0.980000
5578,0.910000
5579,0.940000
5580,0.920000
5581,0.930000
5582,0.960000
5583,0.950000
5584,0.950000
5585,0.960000
5586,0.910000
5587,0.970000
5588,0.940000
5589,0.920000
5590,0.950000
5591,0.920000
5592,1.000000
5593,0.980000
5594,0.970000
5595,0.980000
5596,0.930000
5597,0.920000
5598,0.930000
5599,0.890000
5600,0.950000
5601,0.900000
5602,0.990000
5603,0.940000
5604,0.950000
5605,0.950000
5606,0.980000
5607,1.000000
5608,0.930000
5609,0.930000
5610,0.960000
5611,0.930000
5612,0.930000
5613,0.980000
5614,0.980000
5615,1.000000
5616,0.950000
5617,0.940000
5618,0.910000
5619,0.950000
5620,0.950000
5621,0.930000
5622,0.970000
5623,0.920000
5624,0.990000
5625,0.950000
5626,1.000000
5627,0.960000
5628,0.950000
5629,0.890000
5630,0.960000
5631,0.900000
5632,1.000000
5633,0.930000
5634,0.980000
5635,0.980000
5636,0.880000
5637,0.940000
5638,0.960000
5639,0.960000
5640,0.950000
5641,1.000000
5642,0.940000
5643,0.950000
5644,0.930000
5645,0.990000
5646,0.940000
5647,0.980000
5648,0.920000
5649,0.930000
5650,0.910000
5651,0.890000
5652,0.940000
5653,0.930000
5654,0.940000
5655,0.950000
5656,0.960000
5657,0.990000
5658,0.920000
5659,0.960000
5660,0.900000
5661,0.900000
5662,0.940000
5663,0.970000
5664,0.950000
5665,0.960000
5666,0.960000
5667,0.960000
5668,0.920000
5669,0.970000
5670,0.980000
5671,0.970000
5672,0.980000
5673,0.950000
5674,0.970000
5675,0.990000
5676,0.940000
5677,0.950000
5678,1.000000
5679,0.930000
5680,0.970000
5681,0.990000
5682,0.980000
5683,0.980000
5684,0.960000
5685,0.860000
5686,0.980000
5687,0.980000
5688,0.900000
5689,0.960000
5690,0.980000
5691,0.880000
5692,0.980000
5693,1.000000
5694,1.000000
5695,0.940000
5696,1.000000
5697,0.910000
5698,0.950000
5699,0.920000
5700,0.950000
5701,0.970000
5702,0.900000
5703,0.980000
5704,0.970000
5705,0.920000
5706,0.990000
5707,0.920000
5708,0.940000
5709,0.940000
5710,0.980000
5711,0.970000
5712,0.950000
5713,0.900000
5714,0.940000
5715,0.950000
5716,0.890000
5717,0.950000
5718,0.940000
5719,0.910000
5720,0.980000
5721,0.890000
5722,0.950000
5723,1.000000
5724,1.000000
5725,0.940000
5726,0.960000
5727,0.930000
5728,0.980000
5729,0.930000
5730,0.940000
5731,0.990000
5732,0.960000
5733,0.970000
5734,0.910000
5735,0.960000
5736,0.870000
5737,0.980000
5738,0.910000
5739,0.970000
5740,0.960000
5741,0.890000
5742,0.930000
5743,0.910000
5744,0.970000
5745,0.980000
5746,1.000000
5747,1.000000
5748,0.940000
5749,0.860000
5750,0.990000
5751,0.900000
5752,0.930000
5753,0.970000
5754,0.890000
5755,0.930000
5756,0.980000
5757,0.990000
5758,0.920000
5759,0.960000
5760,0.990000
5761,0.980000
5762,1.000000
5763,0.990000
5764,0.880000
5765,0.960000
5766,1.000000
5767,0.950000
5768,0.980000
5769,0.970000
5770,0.990000
5771,0.910000
5772,0.860000
5773,0.990000
5774,0.970000
5775,0.990000
5776,0.930000
5777,0.960000
5778,0.990000
5779,0.950000
5780,0.890000
5781,0.930000
5782,0.950000
5783,0.960000
5784,0.940000
5785,0.940000
5786,0.950000
5787,0.980000
5788,0.930000
5789,0.960000
5790,0.950000
5791,0.900000
5792,0.960000
5793,0.910000
5794,0.980000
5795,0.940000
5796,0.910000
5797,0.960000
5798,0.920000
5799,0.950000
5800,0.990000
5801,0.990000
5802,0.920000
5803,0.900000
5804,0.990000
5805,0.980000
5806,0.930000
5807,0.980000
5808,0.940000
5809,0.990000
5810,0.910000
5811,0.930000
5812,0.930000
5813,0.950000
5814,0.980000
5815,0.960000
5816,0.950000
5817,0.940000
5818,0.980000
5819,1.000000
5820,0.960000
5821,0.910000
5822,0.950000
5823,0.990000
5824,0.870000
5825,0.940000
5826,0.920000
5827,0.950000
5828,0.930000
5829,0.950000
5830,0.970000
5831,0.980000
5832,0.940000
5833,0.930000
5834,0.990000
5835,1.000000
5836,0.990000
5837,1.000000
5838,0.980000
5839,0.980000
5840,0.880000
5841,0.970000
5842,1.000000
5843,0.950000
5844,0.980000
5845,0.890000
5846,0.900000
5847,0.970000
5848,0.950000
5849,0.950000
5850,0.980000
5851,0.910000
5852,0.930000
5853,0.900000
5854,0.980000
5855,0.990000
5856,0.930000
5857,0.950000
5858,1.000000
5859,0.950000
5860,0.990000
5861,0.930000
5862,0.930000
5863,0.950000
5864,0.970000
5865,0.990000
5866,0.920000
5867,0.900000
5868,0.940000
5869,0.960000
5870,0.920000
5871,1.000000
5872,0.960000
5873,0.980000
5874,1.000000
5875,0.940000
5876,0.980000
5877,1.000000
5878,0.970000
5879,1.000000
5880,0.950000
5881,0.900000
5882,0.940000
5883,0.960000
5884,0.960000
5885,0.910000
5886,0.950000
5887,0.920000
5888,0.970000
5889,0.890000
5890,0.950000
5891,0.970000
5892,0.940000
5893,0.970000
5894,0.940000
5895,0.970000
5896,0.950000
5897,0.940000
5898,0.980000
5899,0.990000
5900,0.980000
5901,0.990000
5902,0.930000
5903,0.950000
5904,0.920000
5905,0.930000
5906,0.990000
5907,0.920000
5908,0.910000
5909,0.930000
5910,0.980000
5911,0.980000
5912,0.980000
5913,0.900000
5914,0.970000
5915,0.910000
5916,0.940000
5917,0.960000
5918,0.970000
5919,0.950000
5920,0.900000
5921,0.960000
5922,0.950000
5923,0.870000
5924,0.870000
5925,0.960000
5926,0.950000
5927,0.920000
5928,0.990000
5929,0.900000
5930,0.980000
5931,0.980000
5932,0.890000
5933,0.960000
5934,0.960000
5935,0.950000
5936,0.890000
5937,0.970000
5938,0.990000
5939,0.990000
5940,0.990000
5941,0.920000
5942,0.940000
5943,0.960000
5944,0.930000
5945,0.960000
5946,0.930000
5947,0.910000
5948,0.950000
5949,0.970000
5950,0.930000
5951,0.940000
5952,0.960000
5953,0.980000
5954,0.990000
5955,0.940000
5956,0.920000
5957,0.930000
5958,0.920000
5959,0.970000
5960,0.980000
5961,0.950000
5962,0.950000
5963,0.960000
5964,0.960000
5965,0.950000
5966,0.950000
5967,0.880000
5968,0.920000
5969,1.000000
5970,0.930000
5971,0.970000
5972,0.960000
5973,0.920000
5974,0.930000
5975,0.960000
5976,0.990000
5977,0.940000
5978,0.970000
5979,0.930000
5980,0.950000
5981,0.980000
5982,0.960000
5983,0.980000
5984,0.970000
5985,0.960000
5986,0.980000
5987,0.940000
5988,0.960000
5989,1.000000
5990,0.950000
5991,0.960000
5992,0.950000
5993,0.940000
5994,0.990000
5995,0.950000
5996,0.950000
5997,0.950000
5998,0.910000
5999,0.900000
6000,0.910000
6001,0.880000
6002,0.940000
6003,0.950000
6004,1.000000
6005,0.970000
6006,0.980000
6007,0.930000
6008,0.930000
6009,0.930000
6010,0.910000
6011,0.980000
6012,0.940000
6013,0.970000
6014,0.940000
6015,0.940000
6016,0.990000
6017,1.000000
6018,0.950000
6019,0.990000
6020,0.970000
6021,0.960000
6022,0.930000
6023,0.960000
6024,0.940000
6025,0.910000
6026,0.960000
6027,0.940000
6028,0.960000
6029,0.920000
6030,0.870000
6031,0.910000
6032,0.960000
6033,0.930000
6034,0.950000
6035,0.930000
6036,0.960000
6037,0.980000
6038,0.900000
6039,0.960000
6040,0.990000
6041,0.910000
6042,0.880000
6043,0.950000
6044,0.950000
6045,0.980000
6046,0.980000
6047,0.920000
6048,0.930000
6049,0.950000
6050,0.930000
6051,0.970000
6052,0.880000
6053,0.900000
6054,0.950000
6055,0.920000
6056,0.960000
6057,0.950000
6058,0.930000
6059,1.000000
6060,0.970000
6061,0.950000
6062,0.940000
6063,0.980000
6064,0.980000
6065,0.960000
6066,0.930000
6067,0.960000
6068,0.940000
6069,0.920000
6070,0.990000
6071,0.960000
6072,0.960000
6073,0.970000
6074,0.900000
6075,0.990000
6076,0.940000
6077,0.960000
6078,0.960000
6079,0.970000
6080,0.880000
6081,1.000000
6082,0.940000
6083,0.970000
6084,0.950000
6085,0.940000
6086,0.960000
6087,0.980000
6088,0.970000
6089,0.960000
6090,0.930000
6091,0.970000
6092,0.970000
6093,0.940000
6094,0.950000
6095,0.970000
6096,0.920000
6097,0.990000
6098,0.900000
6099,0.960000
6100,0.950000
6101,0.980000
6102,0.970000
6103,0.960000
6104,1.000000
6105,0.980000
6106,0.950000
6107,0.960000
6108,0.960000
6109,0.920000
6110,0.890000
6111,0.940000
6112,0.910000
6113,0.900000
6114,0.940000
6115,0.980000
6116,0.920000
6117,0.970000
6118,0.920000
6119,0.960000
6120,0.990000
6121,0.950000
6122,0.950000
6123,0.970000
6124,0.970000
6125,0.900000
6126,0.930000
6127,0.990000
6128,0.950000
6129,0.930000
6130,0.960000
6131,0.980000
6132,0.970000
6133,0.950000
6134,0.910000
6135,0.940000
6136,0.950000
6137,0.940000
6138,0.940000
6139,0.970000
6140,0.970000
6141,0.900000
6142,0.940000
6143,0.970000
6144,0.990000
6145,0.930000
6146,0.970000
6147,0.980000
6148,0.970000
6149,0.960000
6150,0.910000
6151,0.950000
6152,1.000000
6153,0.970000
6154,0.950000
6155,0.950000
6156,0.950000
6157,0.980000
6158,0.930000
6159,0.940000
6160,0.960000
6161,0.990000
6162,1.000000
6163,0.990000
6164,0.920000
6165,0.910000
6166,0.950000
6167,0.930000
6168,0.970000
6169,0.990000
6170,0.970000
6171,0.940000
6172,0.970000
6173,0.950000
6174,0.960000
6175,0.970000
6176,0.960000
6177,0.910000
6178,0.910000
6179,0.950000
6180,0.950000
6181,0.960000
6182,0.900000
6183,0.920000
6184,0.950000
6185,0.990000
6186,0.880000
6187,0.870000
6188,0.950000
6189,0.960000
6190,0.970000
6191,1.000000
6192,0.910000
6193,0.900000
6194,1.000000
6195,0.940000
6196,0.910000
6197,0.940000
6198,0.960000
6199,0.970000
6200,0.980000
6201,0.970000
6202,0.900000
6203,0.990000
6204,0.960000
6205,0.990000
6206,0.940000
6207,0.970000
6208,0.920000
6209,0.960000
6210,0.930000
6211,0.990000
6212,0.940000
6213,0.940000
6214,0.970000
6215,0.960000
6216,0.970000
6217,0.940000
6218,0.940000
6219,0.950000
6220,0.990000
6221,0.950000
6222,0.930000
6223,0.990000
6224,0.880000
6225,0.960000
6226,0.980000
6227,0.970000
6228,0.890000
6229,0.950000
6230,0.890000
6231,1.000000
6232,0.980000
6233,0.960000
6234,0.960000
6235,0.950000
6236,0.900000
6237,1.000000
6238,0.980000
6239,0.940000
6240,0.950000
6241,0.940000
6242,0.980000
6243,0.980000
6244,1.000000
6245,0.980000
6246,0.980000
6247,0.900000
6248,0.990000
6249,1.000000
6250,0.970000
6251,0.990000
6252,1.000000
6253,0.950000
6254,0.960000
6255,0.950000
6256,0.970000
6257,0.920000
6258,0.900000
6259,0.990000
6260,0.870000
6261,0.990000
6262,0.930000
6263,0.950000
6264,0.970000
6265,0.960000
6266,0.960000
6267,0.930000
6268,0.980000
6269,0.900000
6270,0.990000
6271,0.930000
6272,1.000000
6273,0.930000
6274,0.900000
6275,0.940000
6276,0.940000
6277,0.940000
6278,0.970000
6279,0.920000
6280,0.970000
6281,0.970000
6282,0.980000
6283,0.910000
6284,0.920000
6285,1.000000
6286,0.930000
6287,0.950000
6288,0.970000
6289,0.980000
6290,1.000000
6291,0.890000
6292,0.940000
6293,0.990000
6294,0.950000
6295,0.930000
6296,0.980000
6297,0.950000
6298,0.900000
6299,0.930000
6300,0.960000
6301,0.940000
6302,0.920000
6303,0.930000
6304,0.950000
6305,1.000000
6306,0.940000
6307,0.890000
6308,0.960000
6309,0.950000
6310,0.910000
6311,0.920000
6312,0.960000
6313,0.920000
6314,0.930000
6315,0.980000
6316,0.970000
6317,0.920000
6318,0.930000
6319,0.950000
6320,0.900000
6321,0.980000
6322,0.940000
6323,0.910000
6324,0.990000
6325,0.920000
6326,0.990000
6327,0.950000
6328,0.970000
6329,0.960000
6330,0.960000
6331,0.960000
6332,0.940000
6333,0.930000
6334,0.960000
6335,1.000000
6336,0.900000
6337,0.960000
6338,0.950000
6339,1.000000
6340,0.980000
6341,0.960000
6342,0.930000
6343,0.940000
6344,0.910000
6345,0.980000
6346,0.950000
6347,0.980000
6348,0.930000
6349,0.960000
6350,0.880000
6351,0.950000
6352,0.960000
6353,0.980000
6354,0.950000
6355,0.930000
6356,0.910000
6357,0.970000
6358,0.950000
6359,0.930000
6360,0.930000
6361,0.950000
6362,0.970000
6363,0.870000
6364,0.910000
6365,0.920000
6366,0.970000
6367,0.910000
6368,0.980000
6369,0.960000
6370,0.950000
6371,0.920000
6372,0.990000
6373,0.990000
6374,0.990000
6375,0.990000
6376,0.890000
6377,0.940000
6378,1.000000
6379,1.000000
6380,0.940000
6381,0.960000
6382,0.940000
6383,0.970000
6384,0.960000
6385,0.940000
6386,0.990000
6387,1.000000
6388,0.990000
6389,0.900000
6390,0.970000
6391,0.990000
6392,0.980000
6393,0.910000
6394,0.930000
6395,0.920000
6396,0.970000
6397,0.930000
6398,0.980000
6399,0.910000
6400,0.980000
6401,0.970000
6402,0.940000
6403,0.970000
6404,0.990000
6405,0.930000
6406,0.920000
6407,0.880000
6408,0.990000
6409,0.960000
6410,0.970000
6411,0.970000
6412,0.920000
6413,0.950000
6414,0.910000
6415,0.940000
6416,0.960000
6417,0.880000
6418,0.950000
6419,1.000000
6420,0.930000
6421,0.980000
6422,1.000000
6423,0.970000
6424,1.000000
6425,0.910000
6426,0.920000
6427,0.960000
6428,0.980000
6429,0.940000
6430,0.980000
6431,0.900000
6432,0.990000
6433,0.920000
6434,0.940000
6435,0.950000
6436,0.960000
6437,0.880000
6438,0.920000
6439,0.980000
6440,0.970000
6441,0.930000
6442,0.950000
6443,0.920000
6444,0.950000
6445,0.970000
6446,0.970000
6447,0.900000
6448,0.980000
6449,0.980000
6450,0.980000
6451,0.950000
6452,0.960000
6453,0.980000
6454,0.940000
6455,0.970000
6456,0.950000
6457,0.920000
6458,0.960000
6459,0.960000
6460,0.940000
6461,0.960000
6462,0.940000
6463,0.930000
6464,0.940000
6465,0.900000
6466,0.960000
6467,0.920000
6468,0.980000
6469,0.980000
6470,0.980000
6471,0.980000
6472,0.960000
6473,0.970000
6474,0.980000
6475,0.980000
6476,0.960000
6477,0.980000
6478,1.000000
6479,0.980000
6480,0.970000
6481,0.970000
6482,0.930000
6483,0.950000
6484,0.980000
6485,0.960000
6486,0.970000
6487,0.990000
6488,0.980000
6489,0.970000
6490,0.960000
6491,0.940000
6492,0.960000
6493,0.930000
6494,0.950000
6495,0.960000
6496,0.970000
6497,0.950000
6498,0.990000
6499,0.990000
6500,0.910000
6501,0.940000
6502,0.920000
6503,0.980000
6504,0.950000
6505,0.940000
6506,0.930000
6507,0.940000
6508,0.950000
6509,0.990000
6510,0.870000
6511,0.990000
6512,0.960000
6513,0.990000
6514,0.960000
6515,0.880000
6516,0.900000
6517,0.990000
6518,0.980000
6519,0.940000
6520,0.970000
6521,0.950000
6522,0.980000
6523,0.930000
6524,0.920000
6525,0.980000
6526,0.960000
6527,0.940000
6528,1.000000
6529,0.940000
6530,0.990000
6531,0.960000
6532,0.990000
6533,0.980000
6534,0.920000
6535,0.930000
6536,0.950000
6537,1.000000
6538,0.930000
6539,0.970000
6540,0.950000
6541,0.970000
6542,0.870000
6543,1.000000
6544,0.920000
6545,0.990000
6546,0.960000
6547,0.940000
6548,0.990000
6549,0.990000
6550,0.930000
6551,0.990000
6552,0.930000
6553,0.990000
6554,1.000000
6555,0.940000
6556,0.940000
6557,0.960000
6558,0.910000
6559,1.000000
6560,0.970000
6561,0.900000
6562,0.900000
6563,0.970000
6564,1.000000
6565,0.960000
6566,0.990000
6567,0.960000
6568,0.970000
6569,0.960000
6570,0.990000
6571,0.940000
6572,0.990000
6573,0.900000
6574,0.980000
6575,0.950000
6576,0.900000
6577,0.980000
6578,0.970000
6579,0.970000
6580,1.000000
6581,0.890000
6582,0.970000
6583,0.940000
6584,0.960000
6585,0.920000
6586,0.930000
6587,0.970000
6588,0.950000
6589,0.920000
6590,0.950000
6591,0.920000
6592,0.940000
6593,0.920000
6594,0.980000
6595,1.000000
6596,1.000000
6597,0.980000
6598,0.990000
6599,0.920000
6600,0.920000
6601,1.000000
6602,0.990000
6603,0.930000
6604,0.910000
6605,0.940000
6606,0.960000
6607,1.000000
6608,0.970000
6609,0.960000
6610,0.920000
6611,0.960000
6612,1.000000
6613,0.940000
6614,0.960000
6615,0.980000
6616,0.980000
6617,1.000000
6618,0.920000
6619,0.930000
6620,0.900000
6621,0.980000
6622,0.960000
6623,0.970000
6624,0.960000
6625,1.000000
6626,1.000000
6627,0.940000
6628,0.960000
6629,0.960000
6630,0.910000
6631,0.960000
6632,0.960000
6633,0.920000
6634,0.980000
6635,0.900000
6636,0.940000
6637,0.980000
6638,1.000000
6639,0.940000
6640,0.940000
6641,0.940000
6642,0.990000
6643,0.950000
6644,0.990000
6645,0.980000
6646,0.990000
6647,0.950000
6648,0.960000
6649,0.950000
6650,0.960000
6651,0.910000
6652,0.990000
6653,1.000000
6654,0.950000
6655,0.920000
6656,0.930000
6657,0.940000
6658,0.990000
6659,1.000000
6660,0.970000
6661,0.930000
6662,0.910000
6663,0.930000
6664,0.920000
6665,0.970000
6666,0.970000
6667,0.980000
6668,0.890000
6669,0.900000
6670,0.960000
6671,0.970000
6672,0.890000
6673,0.960000
6674,0.980000
6675,0.970000
6676,0.950000
6677,0.950000
6678,0.960000
6679,0.990000
6680,0.970000
6681,0.910000
6682,0.910000
6683,0.930000
6684,0.980000
6685,0.940000
6686,0.990000
6687,0.980000
6688,1.000000
6689,0.980000
6690,0.930000
6691,0.980000
6692,0.910000
6693,0.900000
6694,0.990000
6695,0.930000
6696,0.920000
6697,0.980000
6698,0.930000
6699,0.940000
6700,0.960000
6701,0.930000
6702,0.950000
6703,0.920000
6704,1.000000
6705,0.930000
6706,0.970000
6707,0.980000
6708,0.930000
6709,0.940000
6710,0.960000
6711,0.980000
6712,0.930000
6713,0.900000
6714,0.990000
6715,0.950000
6716,0.990000
6717,0.920000
6718,0.980000
6719,1.000000
6720,0.950000
6721,0.950000
6722,0.990000
6723,0.930000
6724,0.960000
6725,0.970000
6726,0.980000
6727,0.940000
6728,0.920000
6729,0.960000
6730,0.970000
6731,0.990000
6732,0.980000
6733,0.950000
6734,0.990000
6735,0.970000
6736,0.970000
6737,0.970000
6738,0.980000
6739,0.980000
6740,0.960000
6741,0.990000
6742,0.960000
6743,1.000000
6744,0.910000
6745,0.920000
6746,0.920000
6747,0.990000
6748,0.910000
6749,1.000000
6750,0.960000
6751,0.960000
6752,0.960000
6753,1.000000
6754,0.960000
6755,1.000000
6756,0.930000
6757,0.980000
6758,0.970000
6759,0.980000
6760,0.880000
6761,0.990000
6762,0.950000
6763,0.950000
6764,0.990000
6765,0.950000
6766,0.930000
6767,0.990000
6768,0.950000
6769,0.930000
6770,0.990000
6771,0.960000
6772,0.960000
6773,0.960000
6774,0.990000
6775,0.970000
6776,1.000000
6777,0.890000
6778,1.000000
6779,0.920000
6780,0.980000
6781,0.970000
6782,1.000000
6783,0.920000
6784,0.970000
6785,0.920000
6786,0.970000
6787,0.940000
6788,0.970000
6789,1.000000
6790,0.950000
6791,0.990000
6792,0.960000
6793,0.970000
6794,0.970000
6795,0.920000
6796,0.970000
6797,0.960000
6798,0.970000
6799,0.940000
6800,0.960000
6801,0.990000
6802,0.920000
6803,0.970000
6804,0.950000
6805,0.950000
6806,0.970000
6807,1.000000
6808,0.990000
6809,0.970000
6810,1.000000
6811,0.990000
6812,0.910000
6813,0.890000
6814,0.910000
6815,0.930000
6816,0.910000
6817,0.910000
6818,0.940000
6819,1.000000
6820,0.920000
6821,1.000000
6822,0.910000
6823,0.940000
6824,0.970000
6825,1.000000
6826,0.920000
6827,0.970000
6828,0.920000
6829,0.920000
6830,0.980000
6831,0.950000
6832,0.970000
6833,1.000000
6834,1.000000
6835,0.980000
6836,0.970000
6837,0.930000
6838,1.000000
6839,0.960000
6840,0.940000
6841,0.910000
6842,0.990000
6843,0.960000
6844,0.940000
6845,0.940000
6846,0.940000
6847,0.970000
6848,0.970000
6849,0.930000
6850,0.960000
6851,0.970000
6852,0.970000
6853,0.910000
6854,0.910000
6855,1.000000
6856,0.910000
6857,0.960000
6858,0.920000
6859,0.970000
6860,0.960000
6861,0.920000
6862,0.960000
6863,0.910000
6864,0.970000
6865,0.980000
6866,0.980000
6867,0.950000
6868,0.930000
6869,0.910000
6870,0.960000
6871,0.950000
6872,0.960000
6873,0.940000
6874,0.950000
6875,0.980000
6876,0.940000
6877,0.960000
6878,0.980000
6879,0.960000
6880,0.980000
6881,0.990000
6882,0.960000
6883,0.950000
6884,0.990000
6885,0.900000
6886,0.980000
6887,0.970000
6888,0.990000
6889,0.940000
6890,0.960000
6891,0.990000
6892,0.930000
6893,0.910000
6894,0.980000
6895,0.960000
6896,0.970000
6897,0.960000
6898,0.910000
6899,0.910000
6900,0.980000
6901,0.970000
6902,0.960000
6903,0.970000
6904,0.940000
6905,0.980000
6906,0.950000
6907,0.940000
6908,1.000000
6909,0.930000
6910,0.980000
6911,0.990000
6912,0.970000
6913,0.960000
6914,0.940000
6915,0.980000
6916,0.930000
6917,1.000000
6918,0.970000
6919,0.950000
6920,0.940000
6921,0.890000
6922,0.940000
6923,0.920000
6924,0.900000
6925,0.950000
6926,0.930000
6927,0.990000
6928,0.970000
6929,0.950000
6930,0.980000
6931,0.950000
6932,0.930000
6933,0.990000
6934,0.960000
6935,0.980000
6936,0.990000
6937,0.950000
6938,0.940000
6939,1.000000
6940,0.920000
6941,0.950000
6942,0.980000
6943,0.920000
6944,0.930000
6945,0.960000
6946,0.920000
6947,0.970000
6948,0.980000
6949,0.910000
6950,0.940000
6951,1.000000
6952,0.960000
6953,0.960000
6954,0.970000
6955,0.920000
6956,0.930000
6957,0.900000
6958,0.950000
6959,0.910000
6960,0.950000
6961,0.900000
6962,0.990000
6963,0.940000
6964,0.960000
6965,0.980000
6966,0.970000
6967,0.980000
6968,0.950000
6969,0.930000
6970,0.970000
6971,0.920000
6972,0.970000
6973,0.910000
6974,0.940000
6975,0.970000
6976,0.950000
6977,0.970000
6978,0.980000
6979,0.970000
6980,0.970000
6981,0.950000
6982,0.940000
6983,0.960000
6984,0.960000
6985,0.960000
6986,0.990000
6987,0.970000
6988,0.960000
6989,0.950000
6990,0.970000
6991,0.970000
6992,0.930000
6993,1.000000
6994,0.950000
6995,0.980000
6996,0.920000
6997,0.960000
6998,0.990000
6999,0.930000
7000,0.940000
7001,0.990000
7002,0.970000
7003,0.960000
7004,0.980000
7005,0.990000
7006,0.990000
7007,0.980000
7008,0.970000
7009,0.960000
7010,0.980000
7011,0.960000
7012,1.000000
7013,0.940000
7014,0.960000
7015,0.960000
7016,0.960000
7017,0.920000
7018,0.980000
7019,1.000000
7020,1.000000
7021,0.960000
7022,0.980000
7023,0.960000
7024,0.930000
7025,0.990000
7026,0.920000
7027,0.940000
7028,0.920000
7029,0.950000
7030,0.940000
7031,0.960000
7032,0.950000
7033,1.000000
7034,0.990000
7035,0.980000
7036,0.940000
7037,0.960000
7038,0.950000
7039,0.970000
7040,0.990000
7041,0.960000
7042,0.990000
7043,0.980000
7044,0.950000
7045,1.000000
7046,0.950000
7047,0.960000
7048,0.950000
7049,0.970000
7050,0.910000
7051,0.960000
7052,0.970000
7053,0.960000
7054,0.920000
7055,0.990000
7056,0.960000
7057,0.990000
7058,0.940000
7059,0.900000
7060,1.000000
7061,0.950000
7062,0.950000
7063,0.910000
7064,0.940000
7065,0.910000
7066,0.950000
7067,0.940000
7068,0.960000
7069,0.900000
7070,0.930000
7071,0.980000
7072,0.960000
7073,0.990000
7074,0.900000
7075,0.870000
7076,0.980000
7077,0.920000
7078,0.970000
7079,0.910000
7080,0.990000
7081,0.960000
7082,1.000000
7083,0.980000
7084,0.940000
7085,0.950000
7086,0.920000
7087,0.970000
7088,0.990000
7089,0.970000
7090,0.960000
7091,0.980000
7092,0.970000
7093,0.920000
7094,0.910000
7095,0.990000
7096,0.970000
7097,0.980000
7098,0.900000
7099,1.000000
7100,0.910000
7101,0.930000
7102,0.960000
7103,0.920000
7104,0.920000
7105,0.960000
7106,0.980000
7107,1.000000
7108,0.930000
7109,0.950000
7110,0.890000
7111,0.940000
7112,0.970000
7113,0.950000
7114,0.940000
7115,0.940000
7116,0.960000
7117,0.980000
7118,0.900000
7119,0.950000
7120,0.980000
7121,0.930000
7122,0.990000
7123,0.930000
7124,0.970000
7125,0.950000
7126,0.980000
7127,0.930000
7128,0.990000
7129,1.000000
7130,0.950000
7131,1.000000
7132,0.960000
7133,0.990000
7134,0.950000
7135,0.960000
7136,0.970000
7137,0.950000
7138,0.950000
7139,0.960000
7140,0.980000
7141,0.940000
7142,0.970000
7143,0.920000
7144,0.980000
7145,0.940000
7146,0.940000
7147,0.970000
7148,0.960000
7149,0.970000
7150,0.890000
7151,0.970000
7152,0.960000
7153,0.910000
7154,0.920000
7155,0.980000
7156,0.950000
7157,0.940000
7158,0.880000
7159,0.960000
7160,0.960000
7161,0.950000
7162,0.980000
7163,0.930000
7164,0.960000
7165,0.980000
7166,0.970000
7167,0.960000
7168,0.900000
7169,1.000000
7170,0.910000
7171,0.930000
7172,0.910000
7173,0.970000
7174,0.970000
7175,0.960000
7176,0.950000
7177,0.940000
7178,0.970000
7179,0.970000
7180,0.910000
7181,1.000000
7182,0.950000
7183,0.970000
7184,0.970000
7185,0.950000
7186,0.980000
7187,0.970000
7188,0.970000
7189,0.930000
7190,0.980000
7191,0.960000
7192,0.990000
7193,0.980000
7194,0.980000
7195,0.940000
7196,0.960000
7197,0.940000
7198,0.970000
7199,0.970000
7200,0.960000
7201,0.940000
7202,0.920000
7203,0.910000
7204,0.960000
7205,0.950000
7206,0.980000
7207,0.960000
7208,0.940000
7209,0.960000
7210,0.920000
7211,0.920000
7212,0.980000
7213,0.950000
7214,0.960000
7215,0.930000
7216,0.940000
7217,0.940000
7218,0.940000
7219,1.000000
7220,0.970000
7221,0.940000
7222,0.960000
7223,0.930000
7224,0.920000
7225,0.980000
7226,0.990000
7227,0.930000
7228,0.950000
7229,0.950000
7230,0.920000
7231,0.990000
7232,0.970000
7233,0.970000
7234,0.900000
7235,1.000000
7236,0.990000
7237,0.950000
7238,0.920000
7239,0.990000
7240,0.980000
7241,0.940000
7242,0.960000
7243,0.980000
7244,0.950000
7245,0.960000
7246,0.990000
7247,0.970000
7248,0.960000
7249,0.960000
7250,0.900000
7251,0.940000
7252,0.980000
7253,0.900000
7254,0.990000
7255,0.960000
7256,0.970000
7257,0.990000
7258,0.980000
7259,0.920000
7260,0.980000
7261,0.990000
7262,0.980000
7263,0.960000
7264,0.960000
7265,0.970000
7266,0.980000
7267,0.970000
7268,0.900000
7269,0.930000
7270,0.950000
7271,0.960000
7272,0.960000
7273,0.950000
7274,0.990000
7275,0.970000
7276,0.950000
7277,0.920000
7278,0.990000
7279,0.980000
7280,0.970000
7281,0.990000
7282,0.970000
7283,0.960000
7284,0.980000
7285,0.980000
7286,0.960000
7287,0.970000
7288,0.940000
7289,0.950000
7290,0.960000
7291,0.980000
7292,0.970000
7293,0.950000
7294,0.980000
7295,0.910000
7296,0.980000
7297,0.970000
7298,1.000000
7299,0.970000
7300,0.980000
7301,0.970000
7302,0.880000
7303,0.980000
7304,0.990000
7305,0.970000
7306,0.940000
7307,0.900000
7308,0.960000
7309,0.940000
7310,0.950000
7311,0.980000
7312,1.000000
7313,0.930000
7314,0.980000
7315,0.970000
7316,0.950000
7317,0.970000
7318,0.970000
7319,0.930000
7320,0.970000
7321,0.950000
7322,0.960000
7323,0.940000
7324,0.980000
7325,1.000000
7326,0.940000
7327,0.960000
7328,0.960000
7329,1.000000
7330,0.940000
7331,0.910000
7332,0.950000
7333,0.940000
7334,0.970000
7335,0.980000
7336,0.970000
7337,0.940000
7338,0.990000
7339,0.970000
7340,0.920000
7341,0.920000
7342,0.980000
7343,0.970000
7344,0.970000
7345,0.970000
7346,0.930000
7347,0.990000
7348,0.950000
7349,0.920000
7350,0.950000
7351,0.970000
7352,0.950000
7353,0.930000
7354,0.960000
7355,0.950000
7356,0.990000
7357,0.970000
7358,0.970000
7359,0.950000
7360,0.940000
7361,0.860000
7362,0.980000
7363,0.920000
7364,0.990000
7365,0.980000
7366,0.990000
7367,0.960000
7368,0.970000
7369,0.990000
7370,0.920000
7371,0.940000
7372,0.960000
7373,0.910000
7374,0.920000
7375,0.940000
7376,0.930000
7377,0.940000
7378,0.950000
7379,0.960000
7380,0.980000
7381,0.950000
7382,0.990000
7383,1.000000
7384,0.980000
7385,0.940000
7386,0.970000
7387,0.990000
7388,0.930000
7389,0.960000
7390,0.950000
7391,0.960000
7392,0.910000
7393,0.990000
7394,0.960000
7395,0.970000
7396,0.930000
7397,0.990000
7398,0.990000
7399,0.960000
7400,0.970000
7401,0.960000
7402,0.960000
7403,0.930000
7404,0.940000
7405,0.980000
7406,0.920000
7407,0.950000
7408,0.960000
7409,1.000000
7410,0.900000
7411,0.980000
7412,0.950000
7413,0.970000
7414,1.000000
7415,0.950000
7416,0.980000
7417,0.960000
7418,0.980000
7419,0.960000
7420,0.920000
7421,0.970000
7422,0.950000
7423,0.960000
7424,0.960000
7425,0.920000
7426,0.980000
7427,0.930000
7428,0.960000
7429,0.990000
7430,0.950000
7431,0.950000
7432,0.960000
7433,0.980000
7434,0.980000
7435,0.960000
7436,0.960000
7437,0.970000
7438,0.980000
7439,0.970000
7440,0.970000
7441,0.980000
7442,0.970000
7443,0.980000
7444,0.990000
7445,1.000000
7446,0.990000
7447,0.970000
7448,0.980000
7449,0.980000
7450,0.950000
7451,0.960000
7452,0.920000
7453,0.960000
7454,0.940000
7455,0.950000
7456,0.920000
7457,0.970000
7458,1.000000
7459,0.920000
7460,0.970000
7461,0.980000
7462,0.960000
7463,0.910000
7464,0.980000
7465,0.980000
7466,0.960000
7467,0.990000
7468,0.990000
7469,0.990000
7470,0.980000
7471,0.990000
7472,0.930000
7473,0.980000
7474,0.970000
7475,0.960000
7476,0.960000
7477,0.960000
7478,0.970000
7479,0.860000
7480,0.970000
7481,0.960000
7482,0.930000
7483,0.960000
7484,0.960000
7485,1.000000
7486,0.960000
7487,0.890000
7488,0.960000
7489,0.970000
7490,0.920000
7491,0.970000
7492,0.920000
7493,0.940000
7494,0.990000
7495,0.980000
7496,0.930000
7497,0.950000
7498,0.960000
7499,0.960000
7500,0.950000
7501,0.970000
7502,0.910000
7503,0.960000
7504,0.960000
7505,0.970000
7506,0.920000
7507,0.930000
7508,0.900000
7509,0.900000
7510,0.990000
7511,0.930000
7512,0.980000
7513,0.970000
7514,0.960000
7515,0.950000
7516,1.000000
7517,0.980000
7518,0.940000
7519,0.970000
7520,0.990000
7521,0.910000
7522,0.970000
7523,0.960000
7524,0.980000
7525,0.970000
7526,0.950000
7527,0.950000
7528,0.940000
7529,0.960000
7530,0.970000
7531,0.970000
7532,0.920000
7533,0.970000
7534,1.000000
7535,0.980000
7536,0.940000
7537,0.940000
7538,1.000000
7539,0.980000
7540,0.890000
7541,0.990000
7542,0.980000
7543,0.930000
7544,0.980000
7545,0.950000
7546,0.920000
7547,0.990000
7548,1.000000
7549,0.960000
7550,0.950000
7551,0.920000
7552,0.930000
7553,1.000000
7554,0.920000
7555,0.990000
7556,0.920000
7557,0.930000
7558,1.000000
7559,1.000000
7560,0.930000
7561,0.950000
7562,0.880000
7563,0.900000
7564,0.900000
7565,0.970000
7566,0.990000
7567,0.940000
7568,0.960000
7569,0.910000
7570,0.950000
7571,0.990000
7572,0.940000
7573,0.950000
7574,0.990000
7575,0.990000
7576,0.960000
7577,1.000000
7578,0.930000
7579,0.960000
7580,0.990000
7581,0.980000
7582,0.990000
7583,0.950000
7584,0.920000
7585,0.940000
7586,0.990000
7587,0.960000
7588,0.940000
7589,1.000000
7590,0.940000
7591,0.940000
7592,0.930000
7593,0.950000
7594,0.970000
7595,0.970000
7596,0.930000
7597,0.960000
7598,0.940000
7599,0.950000
7600,0.970000
7601,0.980000
7602,0.990000
7603,0.960000
7604,0.970000
7605,0.980000
7606,1.000000
7607,0.930000
7608,0.920000
7609,0.950000
7610,0.940000
7611,0.960000
7612,0.940000
7613,0.900000
7614,0.990000
7615,0.960000
7616,0.970000
7617,0.940000
7618,0.990000
7619,0.990000
7620,0.940000
7621,0.990000
7622,0.950000
7623,0.970000
7624,0.990000
7625,0.930000
7626,0.930000
7627,0.980000
7628,0.930000
7629,0.970000
7630,0.980000
7631,0.950000
7632,0.960000
7633,0.950000
7634,0.980000
7635,0.960000
7636,0.990000
7637,0.900000
7638,0.940000
7639,0.980000
7640,1.000000
7641,0.990000
7642,0.930000
7643,0.970000
7644,0.980000
7645,0.980000
7646,0.970000
7647,0.990000
7648,0.990000
7649,0.960000
7650,0.950000
7651,0.940000
7652,0.930000
7653,0.970000
7654,0.980000
7655,0.990000
7656,0.960000
7657,0.920000
7658,0.920000
7659,0.900000
7660,0.910000
7661,0.970000
7662,1.000000
7663,1.000000
7664,1.000000
7665,0.970000
7666,0.960000
7667,0.950000
7668,0.980000
7669,0.940000
7670,0.960000
7671,0.960000
7672,0.970000
7673,0.980000
7674,0.990000
7675,0.930000
7676,0.950000
7677,0.940000
7678,0.930000
7679,0.980000
7680,0.960000
7681,0.950000
7682,0.930000
7683,0.900000
7684,0.950000
7685,0.960000
7686,0.940000
7687,0.970000
7688,0.930000
7689,0.960000
7690,0.950000
7691,0.990000
7692,0.940000
7693,0.940000
7694,0.940000
7695,0.990000
7696,0.890000
7697,0.950000
7698,0.950000
7699,0.900000
7700,0.960000
7701,0.980000
7702,0.970000
7703,0.900000
7704,0.970000
7705,0.970000
7706,0.940000
7707,0.970000
7708,0.950000
7709,0.930000
7710,0.940000
7711,0.990000
7712,0.990000
7713,0.960000
7714,0.940000
7715,0.950000
7716,0.990000
7717,0.980000
7718,0.970000
7719,0.910000
7720,0.920000
7721,0.960000
7722,0.890000
7723,1.000000
7724,1.000000
7725,0.990000
7726,0.990000
7727,0.870000
7728,0.960000
7729,0.960000
7730,0.910000
7731,0.930000
7732,0.980000
7733,0.930000
7734,0.910000
7735,1.000000
7736,0.960000
7737,0.960000
7738,0.930000
7739,0.960000
7740,0.980000
7741,0.930000
7742,0.970000
7743,0.960000
7744,0.960000
7745,0.990000
7746,0.990000
7747,0.990000
7748,0.990000
7749,0.990000
7750,0.890000
7751,0.970000
7752,0.990000
7753,0.940000
7754,0.910000
7755,0.960000
7756,0.990000
7757,0.960000
7758,1.000000
7759,0.990000
7760,0.900000
7761,0.960000
7762,0.990000
7763,0.960000
7764,0.940000
7765,0.980000
7766,0.990000
7767,0.980000
7768,1.000000
7769,1.000000
7770,0.990000
7771,0.980000
7772,0.910000
7773,0.920000
7774,0.950000
7775,0.980000
7776,0.960000
7777,0.970000
7778,0.990000
7779,0.940000
7780,0.970000
7781,0.930000
7782,0.950000
7783,0.980000
7784,0.930000
7785,0.960000
7786,0.950000
7787,0.990000
7788,0.990000
7789,0.990000
7790,0.960000
7791,0.950000
7792,0.960000
7793,0.970000
7794,0.950000
7795,0.890000
7796,0.920000
7797,0.970000
7798,0.960000
7799,0.960000
7800,0.900000
7801,0.980000
7802,0.980000
7803,0.960000
7804,0.970000
7805,0.960000
7806,0.970000
7807,0.940000
7808,1.000000
7809,0.920000
7810,0.930000
7811,0.960000
7812,0.960000
7813,0.950000
7814,0.950000
7815,0.910000
7816,0.980000
7817,0.970000
7818,0.960000
7819,0.920000
7820,0.960000
7821,0.960000
7822,0.960000
7823,0.990000
7824,1.000000
7825,0.990000
7826,0.970000
7827,0.980000
7828,0.910000
7829,0.940000
7830,0.940000
7831,0.960000
7832,0.950000
7833,0.920000
7834,0.960000
7835,0.940000
7836,0.960000
7837,0.960000
7838,0.930000
7839,0.920000
7840,0.990000
7841,0.980000
7842,0.910000
7843,0.990000
7844,0.920000
7845,0.950000
7846,0.940000
7847,0.930000
7848,0.950000
7849,0.950000
7850,0.970000
7851,0.960000
7852,0.970000
7853,1.000000
7854,0.940000
7855,0.950000
7856,0.930000
7857,0.960000
7858,0.970000
7859,0.900000
7860,0.980000
7861,0.940000
7862,0.950000
7863,0.940000
7864,0.990000
7865,0.980000
7866,1.000000
7867,0.940000
7868,0.930000
7869,0.940000
7870,0.970000
7871,0.930000
7872,0.950000
7873,0.940000
7874,0.970000
7875,0.960000
7876,0.980000
7877,0.920000
7878,0.980000
7879,0.970000
7880,0.990000
7881,0.970000
7882,0.970000
7883,0.990000
7884,0.940000
7885,0.970000
7886,0.960000
7887,0.980000
7888,0.960000
7889,0.970000
7890,0.950000
7891,0.930000
7892,0.960000
7893,1.000000
7894,0.980000
7895,1.000000
7896,0.930000
7897,0.980000
7898,0.960000
7899,0.950000
7900,0.970000
7901,0.940000
7902,0.970000
7903,0.900000
7904,0.990000
7905,1.000000
7906,0.950000
7907,0.990000
7908,0.980000
7909,0.970000
7910,0.980000
7911,0.990000
7912,0.950000
7913,0.920000
7914,0.990000
7915,0.980000
7916,0.980000
7917,0.970000
7918,0.940000
7919,0.910000
7920,0.970000
7921,0.890000
7922,0.950000
7923,0.870000
7924,0.940000
7925,0.940000
7926,0.950000
7927,0.980000
7928,0.910000
7929,0.930000
7930,0.990000
7931,0.950000
7932,0.990000
7933,0.980000
7934,0.890000
7935,0.940000
7936,0.950000
7937,0.990000
7938,0.910000
7939,0.970000
7940,0.920000
7941,0.900000
7942,0.950000
7943,0.970000
7944,0.980000
7945,1.000000
7946,0.960000
7947,0.980000
7948,1.000000
7949,0.900000
7950,0.930000
7951,0.990000
7952,0.990000
7953,0.980000
7954,0.890000
7955,0.990000
7956,0.910000
7957,0.940000
7958,0.960000
7959,0.950000
7960,0.950000
7961,0.980000
7962,0.900000
7963,1.000000
7964,1.000000
7965,0.970000
7966,0.930000
7967,0.960000
7968,0.980000
7969,0.890000
7970,0.960000
7971,0.950000
7972,0.990000
7973,0.990000
7974,0.960000
7975,0.930000
7976,0.960000
7977,0.970000
7978,0.940000
7979,0.990000
7980,0.990000
7981,0.920000
7982,0.950000
7983,0.890000
7984,0.940000
7985,0.990000
7986,0.970000
7987,0.990000
7988,0.930000
7989,0.940000
7990,0.980000
7991,0.890000
7992,0.970000
7993,0.980000
7994,0.980000
7995,0.960000
7996,0.980000
7997,0.960000
7998,0.950000
7999,0.950000
8000,0.990000
8001,0.980000
8002,0.960000
8003,1.000000
8004,0.980000
8005,0.910000
8006,0.990000
8007,0.910000
8008,0.970000
8009,0.980000
8010,0.960000
8011,0.990000
8012,0.960000
8013,0.940000
8014,0.980000
8015,0.970000
8016,0.940000
8017,0.970000
8018,0.920000
8019,0.980000
8020,0.990000
8021,0.960000
8022,0.920000
8023,0.920000
8024,0.970000
8025,0.920000
8026,0.940000
8027,0.990000
8028,0.990000
8029,0.970000
8030,0.960000
8031,0.970000
8032,0.960000
8033,0.920000
8034,0.950000
8035,0.980000
8036,0.920000
8037,0.990000
8038,0.910000
8039,0.960000
8040,0.960000
8041,0.940000
8042,0.910000
8043,0.990000
8044,0.990000
8045,0.980000
8046,0.960000
8047,0.980000
8048,0.980000
8049,0.970000
8050,0.970000
8051,0.990000
8052,0.990000
8053,0.950000
8054,0.970000
8055,0.970000
8056,1.000000
8057,0.990000
8058,0.990000
8059,0.910000
8060,0.980000
8061,0.940000
8062,0.940000
8063,0.980000
8064,1.000000
8065,0.940000
8066,0.950000
8067,0.990000
8068,0.960000
8069,0.970000
8070,0.970000
8071,0.970000
8072,0.940000
8073,0.890000
8074,0.940000
8075,0.930000
8076,0.890000
8077,0.970000
8078,0.920000
8079,0.960000
8080,0.950000
8081,0.960000
8082,0.960000
8083,0.910000
8084,1.000000
8085,0.960000
8086,0.950000
8087,0.950000
8088,0.970000
8089,0.910000
8090,0.960000
8091,0.970000
8092,0.940000
8093,0.990000
8094,0.940000
8095,0.940000
8096,0.970000
8097,0.870000
8098,0.960000
8099,0.980000
8100,0.980000
8101,0.980000
8102,0.950000
8103,1.000000
8104,0.920000
8105,0.960000
8106,0.980000
8107,0.920000
8108,0.930000
8109,0.950000
8110,0.980000
8111,0.950000
8112,1.000000
8113,0.970000
8114,0.990000
8115,0.970000
8116,1.000000
8117,1.000000
8118,1.000000
8119,0.990000
8120,0.910000
8121,0.990000
8122,1.000000
8123,0.910000
8124,0.980000
8125,0.980000
8126,0.960000
8127,0.970000
8128,0.980000
8129,0.920000
8130,0.900000
8131,1.000000
8132,0.970000
8133,0.960000
8134,0.940000
8135,0.890000
8136,0.930000
8137,0.970000
8138,0.940000
8139,1.000000
8140,0.970000
8141,0.990000
8142,0.970000
8143,0.970000
8144,1.000000
8145,0.970000
8146,0.960000
8147,0.950000
8148,0.980000
8149,0.940000
8150,0.970000
8151,0.900000
8152,0.890000
8153,0.970000
8154,0.940000
8155,1.000000
8156,0.910000
8157,0.960000
8158,0.970000
8159,0.960000
8160,0.930000
8161,0.970000
8162,0.950000
8163,0.970000
8164,0.960000
8165,0.970000
8166,0.940000
8167,0.960000
8168,0.920000
8169,0.930000
8170,0.950000
8171,0.970000
8172,0.910000
8173,0.960000
8174,1.000000
8175,0.990000
8176,0.940000
8177,0.960000
8178,0.980000
8179,0.980000
8180,0.990000
8181,0.980000
8182,0.980000
8183,0.980000
8184,0.940000
8185,0.920000
8186,0.970000
8187,1.000000
8188,0.970000
8189,0.990000
8190,0.980000
8191,1.000000
8192,0.990000
8193,0.940000
8194,0.900000
8195,0.990000
8196,0.970000
8197,0.950000
8198,1.000000
8199,0.980000
8200,0.910000
8201,0.960000
8202,0.940000
8203,0.950000
8204,0.950000
8205,0.930000
8206,0.910000
8207,0.950000
8208,0.970000
8209,0.930000
8210,1.000000
8211,1.000000
8212,1.000000
8213,1.000000
8214,0.910000
8215,0.990000
8216,0.920000
8217,0.960000
8218,0.970000
8219,0.910000
8220,0.970000
8221,0.960000
8222,0.930000
8223,0.970000
8224,1.000000
8225,0.970000
8226,0.960000
8227,0.930000
8228,0.990000
8229,0.960000
8230,0.990000
8231,0.980000
8232,0.960000
8233,0.980000
8234,0.970000
8235,0.990000
8236,0.990000
8237,1.000000
8238,0.960000
8239,0.990000
8240,0.980000
8241,0.900000
8242,0.990000
8243,0.960000
8244,0.990000
8245,0.950000
8246,0.940000
8247,0.960000
8248,0.980000
8249,1.000000
8250,0.940000
8251,1.000000
8252,0.990000
8253,0.950000
8254,0.970000
8255,0.990000
8256,0.880000
8257,0.900000
8258,0.940000
8259,1.000000
8260,0.920000
8261,0.970000
8262,0.990000
8263,0.950000
8264,0.950000
8265,0.950000
8266,0.970000
8267,0.970000
8268,0.920000
8269,0.950000
8270,0.970000
8271,0.980000
8272,0.980000
8273,0.900000
8274,0.910000
8275,0.950000
8276,1.000000
8277,0.950000
8278,0.970000
8279,0.920000
8280,0.970000
8281,0.970000
8282,0.940000
8283,0.940000
8284,0.950000
8285,1.000000
8286,1.000000
8287,0.950000
8288,0.900000
8289,0.960000
8290,0.930000
8291,0.960000
8292,0.980000
8293,0.960000
8294,0.980000
8295,0.990000
8296,0.920000
8297,0.920000
8298,1.000000
8299,0.960000
8300,0.920000
8301,1.000000
8302,0.950000
8303,0.950000
8304,0.940000
8305,0.980000
8306,0.930000
8307,0.990000
8308,0.950000
8309,1.000000
8310,0.980000
8311,0.980000
8312,0.960000
8313,0.960000
8314,0.910000
8315,1.000000
8316,0.990000
8317,0.930000
8318,0.980000
8319,0.970000
8320,0.980000
8321,0.940000
8322,1.000000
8323,0.980000
8324,0.910000
8325,0.950000
8326,0.990000
8327,1.000000
8328,0.920000
8329,0.970000
8330,0.960000
8331,0.930000
8332,0.980000
8333,0.960000
8334,0.950000
8335,1.000000
8336,0.980000
8337,1.000000
8338,0.980000
8339,0.900000
8340,0.920000
8341,0.970000
8342,0.950000
8343,0.980000
8344,0.940000
8345,0.940000
8346,0.970000
8347,0.960000
8348,0.980000
8349,0.960000
8350,0.960000
8351,0.930000
8352,0.990000
8353,0.990000
8354,1.000000
8355,0.960000
8356,0.930000
8357,0.970000
8358,0.970000
8359,0.980000
8360,0.970000
8361,0.950000
8362,0.990000
8363,0.970000
8364,0.970000
8365,1.000000
8366,1.000000
8367,0.980000
8368,0.930000
8369,0.980000
8370,0.990000
8371,0.970000
8372,0.900000
8373,0.980000
8374,0.980000
8375,1.000000
8376,0.960000
8377,0.940000
8378,0.960000
8379,0.990000
8380,0.980000
8381,1.000000
8382,0.940000
8383,0.920000
8384,0.990000
8385,0.940000
8386,0.970000
8387,0.930000
8388,0.910000
8389,1.000000
8390,0.980000
8391,0.980000
8392,0.950000
8393,0.950000
8394,0.950000
8395,0.970000
8396,0.900000
8397,0.930000
8398,0.960000
8399,0.990000
8400,0.940000
8401,1.000000
8402,0.990000
8403,0.960000
8404,0.940000
8405,0.990000
8406,0.980000
8407,0.960000
8408,0.970000
8409,0.970000
8410,0.950000
8411,0.930000
8412,0.970000
8413,0.970000
8414,0.960000
8415,0.970000
8416,0.950000
8417,1.000000
8418,0.890000
8419,0.960000
8420,0.910000
8421,0.960000
8422,0.960000
8423,0.920000
8424,0.960000
8425,0.940000
8426,0.950000
8427,0.960000
8428,0.930000
8429,0.960000
8430,0.980000
8431,0.950000
8432,1.000000
8433,0.980000
8434,0.920000
8435,1.000000
8436,0.930000
8437,0.970000
8438,0.950000
8439,1.000000
8440,0.990000
8441,0.940000
8442,0.930000
8443,0.990000
8444,0.990000
8445,0.890000
8446,1.000000
8447,0.950000
8448,0.920000
8449,0.990000
8450,0.970000
8451,0.980000
8452,0.970000
8453,0.990000
8454,0.910000
8455,1.000000
8456,0.910000
8457,0.940000
8458,0.990000
8459,0.960000
8460,0.960000
8461,0.980000
8462,0.970000
8463,0.940000
8464,0.920000
8465,0.940000
8466,0.970000
8467,0.920000
8468,0.930000
8469,0.960000
8470,0.960000
8471,0.950000
8472,0.960000
8473,0.960000
8474,0.960000
8475,0.960000
8476,0.920000
8477,0.950000
8478,0.980000
8479,0.980000
8480,0.980000
8481,0.960000
8482,0.980000
8483,0.980000
8484,0.950000
8485,0.960000
8486,1.000000
8487,0.940000
8488,0.950000
8489,0.980000
8490,0.970000
8491,0.930000
8492,0.920000
8493,1.000000
8494,0.990000
8495,1.000000
8496,0.990000
8497,0.960000
8498,0.920000
8499,0.920000
8500,0.950000
8501,0.980000
8502,0.960000
8503,0.990000
8504,0.920000
8505,0.980000
8506,0.950000
8507,1.000000
8508,0.940000
8509,0.940000
8510,0.980000
8511,0.980000
8512,0.960000
8513,0.980000
8514,0.920000
8515,0.970000
8516,0.960000
8517,0.910000
8518,0.940000
8519,0.930000
8520,0.990000
8521,0.970000
8522,0.960000
8523,0.960000
8524,0.970000
8525,0.970000
8526,0.970000
8527,0.940000
8528,0.870000
8529,0.980000
8530,0.960000
8531,0.950000
8532,0.950000
8533,0.960000
8534,0.970000
8535,0.970000
8536,0.960000
8537,0.970000
8538,0.900000
8539,0.930000
8540,0.930000
8541,0.910000
8542,0.940000
8543,1.000000
8544,0.950000
8545,0.940000
8546,1.000000
8547,0.970000
8548,0.970000
8549,0.980000
8550,0.980000
8551,0.980000
8552,0.960000
8553,0.890000
8554,0.930000
8555,1.000000
8556,0.990000
8557,0.920000
8558,0.970000
8559,0.940000
8560,0.980000
8561,0.930000
8562,0.960000
8563,0.970000
8564,0.920000
8565,0.970000
8566,1.000000
8567,0.960000
8568,0.980000
8569,0.990000
8570,1.000000
8571,0.960000
8572,0.880000
8573,1.000000
8574,0.960000
8575,0.960000
8576,0.980000
8577,0.970000
8578,0.940000
8579,0.990000
8580,0.980000
8581,0.960000
8582,0.980000
8583,0.990000
8584,1.000000
8585,1.000000
8586,0.920000
8587,0.970000
8588,0.970000
8589,0.970000
8590,0.880000
8591,0.980000
8592,0.980000
8593,0.920000
8594,0.980000
8595,0.960000
8596,0.920000
8597,1.000000
8598,0.970000
8599,1.000000
8600,0.970000
8601,0.960000
8602,0.980000
8603,0.980000
8604,1.000000
8605,0.990000
8606,0.960000
8607,0.980000
8608,0.930000
8609,0.930000
8610,0.930000
8611,0.980000
8612,0.970000
8613,1.000000
8614,0.990000
8615,0.980000
8616,0.950000
8617,0.980000
8618,0.970000
8619,0.960000
8620,0.930000
8621,0.990000
8622,0.980000
8623,0.980000
8624,1.000000
8625,0.930000
8626,0.950000
8627,0.960000
8628,0.950000
8629,0.960000
8630,0.950000
8631,0.990000
8632,0.980000
8633,0.970000
8634,0.970000
8635,0.960000
8636,0.990000
8637,0.970000
8638,1.000000
8639,0.990000
8640,0.940000
8641,0.950000
8642,0.990000
8643,0.940000
8644,0.970000
8645,0.950000
8646,0.990000
8647,0.960000
8648,0.970000
8649,1.000000
8650,0.990000
8651,0.920000
8652,0.980000
8653,0.950000
8654,0.920000
8655,0.930000
8656,0.990000
8657,0.910000
8658,0.910000
8659,0.940000
8660,0.980000
8661,0.930000
8662,0.980000
8663,1.000000
8664,0.930000
8665,0.920000
8666,0.990000
8667,0.970000
8668,0.990000
8669,0.950000
8670,0.980000
8671,1.000000
8672,0.960000
8673,0.920000
8674,0.970000
8675,0.940000
8676,0.990000
8677,0.970000
8678,0.940000
8679,0.950000
8680,1.000000
8681,0.970000
8682,0.960000
8683,0.970000
8684,0.990000
8685,0.910000
8686,0.990000
8687,0.990000
8688,0.920000
8689,0.960000
8690,0.970000
8691,0.920000
8692,1.000000
8693,0.960000
8694,0.960000
8695,0.970000
8696,0.940000
8697,0.960000
8698,1.000000
8699,1.000000
8700,0.970000
8701,0.960000
8702,0.970000
8703,0.960000
8704,0.970000
8705,0.960000
8706,0.980000
8707,0.900000
8708,0.960000
8709,0.990000
8710,0.890000
8711,0.990000
8712,0.960000
8713,0.980000
8714,0.940000
8715,0.950000
8716,1.000000
8717,0.940000
8718,0.980000
8719,0.930000
8720,0.990000
8721,0.970000
8722,0.940000
8723,0.910000
8724,0.970000
8725,0.930000
8726,0.950000
8727,0.970000
8728,1.000000
8729,0.950000
8730,0.900000
8731,1.000000
8732,0.970000
8733,0.940000
8734,0.960000
8735,1.000000
8736,0.960000
8737,0.990000
8738,0.950000
8739,0.960000
8740,0.950000
8741,0.990000
8742,0.970000
8743,1.000000
8744,0.920000
8745,0.920000
8746,0.930000
8747,0.980000
8748,0.970000
8749,0.950000
8750,0.980000
8751,0.930000
8752,0.950000
8753,0.950000
8754,0.880000
8755,0.970000
8756,0.960000
8757,0.970000
8758,0.920000
8759,0.920000
8760,0.990000
8761,0.980000
8762,0.920000
8763,0.960000
8764,0.970000
8765,0.890000
8766,1.000000
8767,0.950000
8768,0.920000
8769,0.950000
8770,0.940000
8771,0.940000
8772,0.960000
8773,0.920000
8774,0.930000
8775,0.970000
8776,0.930000
8777,0.940000
8778,1.000000
8779,0.960000
8780,0.950000
8781,0.950000
8782,0.920000
8783,0.970000
8784,0.980000
8785,0.950000
8786,0.920000
8787,0.970000
8788,0.980000
8789,0.970000
8790,1.000000
8791,0.930000
8792,0.970000
8793,0.960000
8794,1.000000
8795,0.990000
8796,0.980000
8797,0.950000
8798,0.960000
8799,1.000000
8800,0.930000
8801,0.980000
8802,0.990000
8803,1.000000
8804,0.940000
8805,0.930000
8806,1.000000
8807,0.930000
8808,0.970000
8809,0.980000
8810,0.940000
8811,0.950000
8812,0.920000
8813,0.950000
8814,0.970000
8815,0.960000
8816,0.940000
8817,0.960000
8818,1.000000
8819,0.990000
8820,0.970000
8821,0.970000
8822,0.950000
8823,0.970000
8824,0.970000
8825,0.970000
8826,0.980000
8827,1.000000
8828,0.900000
8829,0.960000
8830,0.950000
8831,0.970000
8832,0.990000
8833,0.960000
8834,0.980000
8835,0.900000
8836,0.970000
8837,0.940000
8838,0.990000
8839,0.950000
8840,0.960000
8841,0.980000
8842,0.900000
8843,0.980000
8844,0.960000
8845,0.940000
8846,0.960000
8847,0.970000
8848,0.960000
8849,0.970000
8850,0.920000
8851,0.970000
8852,0.990000
8853,0.990000
8854,0.980000
8855,0.900000
8856,0.940000
8857,0.980000
8858,0.980000
8859,0.990000
8860,0.900000
8861,0.900000
8862,0.980000
8863,0.950000
8864,0.990000
8865,1.000000
8866,0.990000
8867,0.960000
8868,0.950000
8869,0.960000
8870,0.950000
8871,1.000000
8872,0.930000
8873,0.970000
8874,1.000000
8875,0.990000
8876,0.990000
8877,0.950000
8878,0.950000
8879,0.950000
8880,0.940000
8881,0.970000
8882,0.980000
8883,0.990000
8884,0.960000
8885,0.960000
8886,0.980000
8887,0.910000
8888,0.980000
8889,1.000000
8890,0.970000
8891,0.970000
8892,0.980000
8893,0.970000
8894,0.940000
8895,0.970000
8896,0.960000
8897,0.950000
8898,0.950000
8899,1.000000
8900,0.910000
8901,0.940000
8902,0.970000
8903,0.980000
8904,0.960000
8905,0.940000
8906,0.980000
8907,1.000000
8908,0.960000
8909,0.970000
8910,0.970000
8911,0.880000
8912,0.950000
8913,0.960000
8914,1.000000
8915,0.990000
8916,0.980000
8917,0.950000
8918,0.960000
8919,0.930000
8920,0.990000
8921,1.000000
8922,0.990000
8923,0.930000
8924,0.930000
8925,0.980000
8926,0.880000
8927,0.920000
8928,0.990000
8929,0.990000
8930,0.980000
8931,0.930000
8932,0.910000
8933,0.980000
8934,0.990000
8935,0.980000
8936,0.990000
8937,0.980000
8938,0.990000
8939,0.960000
8940,0.990000
8941,0.990000
8942,0.940000
8943,0.920000
8944,1.000000
8945,0.950000
8946,0.990000
8947,0.940000
8948,0.980000
8949,0.960000
8950,1.000000
8951,0.980000
8952,0.990000
8953,0.970000
8954,0.890000
8955,0.920000
8956,0.980000
8957,0.990000
8958,0.900000
8959,0.950000
8960,0.960000
8961,0.910000
8962,0.990000
8963,0.970000
8964,0.910000
8965,0.940000
8966,0.970000
8967,0.990000
8968,0.960000
8969,0.880000
8970,0.990000
8971,0.940000
8972,0.970000
8973,0.970000
8974,0.990000
8975,0.980000
8976,0.960000
8977,0.960000
8978,0.910000
8979,0.960000
8980,0.950000
8981,0.950000
8982,0.990000
8983,0.970000
8984,0.960000
8985,0.950000
8986,0.950000
8987,0.920000
8988,0.950000
8989,0.960000
8990,0.920000
8991,0.980000
8992,0.960000
8993,0.970000
8994,0.980000
8995,0.920000
8996,0.970000
8997,0.930000
8998,0.980000
8999,0.980000
9000,0.910000
9001,0.970000
9002,0.960000
9003,0.980000
9004,0.990000
9005,0.950000
9006,0.960000
9007,0.990000
9008,0.910000
9009,0.950000
9010,0.970000
9011,0.970000
9012,1.000000
9013,0.940000
9014,0.900000
9015,0.990000
9016,0.990000
9017,0.940000
9018,0.990000
9019,0.940000
9020,0.930000
9021,0.930000
9022,0.920000
9023,0.950000
9024,0.980000
9025,0.930000
9026,0.970000
9027,0.950000
9028,0.960000
9029,0.950000
9030,0.950000
9031,0.960000
9032,0.940000
9033,0.970000
9034,0.920000
9035,0.990000
9036,0.920000
9037,0.980000
9038,0.940000
9039,1.000000
9040,0.970000
9041,0.890000
9042,1.000000
9043,0.990000
9044,0.970000
9045,0.940000
9046,0.950000
9047,0.960000
9048,0.930000
9049,0.940000
9050,0.990000
9051,1.000000
9052,0.940000
9053,0.950000
9054,0.930000
9055,0.980000
9056,0.970000
9057,0.960000
9058,0.930000
9059,1.000000
9060,0.930000
9061,0.980000
9062,1.000000
9063,0.950000
9064,0.990000
9065,0.990000
9066,0.970000
9067,0.980000
9068,0.960000
9069,0.940000
9070,0.970000
9071,0.990000
9072,0.970000
9073,0.980000
9074,0.920000
9075,1.000000
9076,0.950000
9077,0.960000
9078,0.930000
9079,0.970000
9080,0.950000
9081,0.980000
9082,0.930000
9083,0.960000
9084,1.000000
9085,0.980000
9086,0.910000
9087,0.970000
9088,0.960000
9089,0.990000
9090,0.930000
9091,0.940000
9092,0.920000
9093,0.980000
9094,0.980000
9095,0.920000
9096,0.960000
9097,1.000000
9098,0.990000
9099,1.000000
9100,0.960000
9101,0.960000
9102,0.930000
9103,0.970000
9104,1.000000
9105,0.910000
9106,0.970000
9107,0.960000
9108,0.980000
9109,0.970000
9110,0.930000
9111,0.990000
9112,0.980000
9113,0.970000
9114,0.980000
9115,1.000000
9116,0.970000
9117,0.980000
9118,0.940000
9119,0.960000
9120,0.950000
9121,0.910000
9122,1.000000
9123,0.990000
9124,0.980000
9125,0.950000
9126,0.980000
9127,0.980000
9128,0.980000
9129,0.980000
9130,1.000000
9131,0.930000
9132,0.960000
9133,1.000000
9134,0.990000
9135,0.960000
9136,0.950000
9137,0.950000
9138,1.000000
9139,0.960000
9140,0.990000
9141,1.000000
9142,0.970000
9143,0.980000
9144,0.950000
9145,0.980000
9146,0.950000
9147,0.920000
9148,0.920000
9149,0.950000
9150,0.920000
9151,0.910000
9152,0.920000
9153,0.980000
9154,0.920000
9155,1.000000
9156,0.930000
9157,0.990000
9158,0.920000
9159,0.970000
9160,0.990000
9161,0.960000
9162,0.960000
9163,0.970000
9164,0.920000
9165,0.940000
9166,0.940000
9167,0.900000
9168,0.960000
9169,0.940000
9170,0.960000
9171,1.000000
9172,0.960000
9173,0.970000
9174,0.970000
9175,0.900000
9176,0.920000
9177,0.990000
9178,0.940000
9179,0.980000
9180,0.960000
9181,0.960000
9182,0.950000
9183,0.990000
9184,0.960000
9185,0.970000
9186,0.970000
9187,0.900000
9188,0.950000
9189,0.990000
9190,0.960000
9191,1.000000
9192,0.970000
9193,0.970000
9194,0.950000
9195,0.990000
9196,0.960000
9197,0.950000
9198,0.960000
9199,0.950000
9200,0.970000
9201,0.970000
9202,0.960000
9203,0.980000
9204,0.920000
9205,0.970000
9206,1.000000
9207,1.000000
9208,0.950000
9209,0.990000
9210,0.950000
9211,0.900000
9212,0.990000
9213,0.970000
9214,0.980000
9215,0.900000
9216,0.980000
9217,0.930000
9218,0.970000
9219,0.960000
9220,0.990000
9221,0.950000
9222,0.960000
9223,0.980000
9224,0.970000
9225,0.950000
9226,0.960000
9227,0.970000
9228,0.980000
9229,0.990000
9230,0.930000
9231,1.000000
9232,0.910000
9233,0.970000
9234,0.980000
9235,0.940000
9236,0.910000
9237,0.970000
9238,0.950000
9239,0.960000
9240,0.960000
9241,0.970000
9242,0.980000
9243,0.970000
9244,0.940000
9245,0.920000
9246,0.940000
9247,0.940000
9248,0.980000
9249,0.920000
9250,0.970000
9251,1.000000
9252,0.970000
9253,0.980000
9254,1.000000
9255,0.980000
9256,1.000000
9257,1.000000
9258,0.980000
9259,0.930000
9260,0.960000
9261,1.000000
9262,0.970000
9263,0.930000
9264,0.920000
9265,0.910000
9266,0.960000
9267,0.960000
9268,0.980000
9269,0.980000
9270,0.980000
9271,0.970000
9272,0.960000
9273,0.990000
9274,1.000000
9275,1.000000
9276,0.980000
9277,0.980000
9278,0.960000
9279,0.950000
9280,0.940000
9281,0.990000
9282,0.980000
9283,0.950000
9284,0.960000
9285,0.950000
9286,0.990000
9287,0.980000
9288,0.940000
9289,0.980000
9290,0.960000
9291,0.950000
9292,0.960000
9293,0.990000
9294,0.990000
9295,0.980000
9296,0.890000
9297,0.940000
9298,0.940000
9299,0.960000
9300,0.940000
9301,0.940000
9302,1.000000
9303,0.870000
9304,0.980000
9305,0.940000
9306,0.950000
9307,0.950000
9308,0.960000
9309,0.980000
9310,1.000000
9311,0.950000
9312,0.930000
9313,0.970000
9314,0.950000
9315,0.980000
9316,0.990000
9317,0.970000
9318,0.970000
9319,0.940000
9320,0.940000
9321,0.990000
9322,0.940000
9323,0.970000
9324,0.900000
9325,0.970000
9326,0.910000
9327,1.000000
9328,0.990000
9329,0.990000
9330,0.970000
9331,0.900000
9332,0.970000
9333,0.980000
9334,0.970000
9335,0.970000
9336,0.930000
9337,0.960000
9338,0.970000
9339,0.910000
9340,0.930000
9341,0.990000
9342,1.000000
9343,0.960000
9344,0.980000
9345,0.950000
9346,0.960000
9347,0.900000
9348,0.950000
9349,0.940000
9350,0.930000
9351,0.980000
9352,0.970000
9353,0.960000
9354,0.960000
9355,0.920000
9356,0.990000
9357,0.940000
9358,0.960000
9359,1.000000
9360,0.960000
9361,0.940000
9362,0.920000
9363,1.000000
9364,0.990000
9365,1.000000
9366,0.990000
9367,1.000000
9368,0.940000
9369,0.920000
9370,0.980000
9371,0.960000
9372,0.900000
9373,0.930000
9374,1.000000
9375,0.970000
9376,0.920000
9377,0.960000
9378,0.980000
9379,0.940000
9380,0.980000
9381,0.900000
9382,0.970000
9383,0.950000
9384,0.980000
9385,0.960000
9386,0.980000
9387,0.980000
9388,0.930000
9389,0.990000
9390,0.960000
9391,0.980000
9392,0.910000
9393,0.990000
9394,0.960000
9395,1.000000
9396,0.980000
9397,0.920000
9398,0.910000
9399,0.960000
9400,0.950000
9401,0.950000
9402,0.950000
9403,0.980000
9404,0.970000
9405,0.950000
9406,0.940000
9407,0.970000
9408,0.940000
9409,0.920000
9410,1.000000
9411,0.960000
9412,0.950000
9413,1.000000
9414,0.970000
9415,0.970000
9416,0.960000
9417,1.000000
9418,0.960000
9419,0.970000
9420,0.960000
9421,1.000000
9422,0.980000
9423,0.990000
9424,1.000000
9425,0.990000
9426,0.970000
9427,0.990000
9428,0.930000
9429,0.980000
9430,0.960000
9431,0.930000
9432,0.960000
9433,0.920000
9434,0.980000
9435,0.950000
9436,0.960000
9437,0.980000
9438,0.970000
9439,1.000000
9440,0.980000
9441,0.910000
9442,0.960000
9443,0.970000
9444,0.960000
9445,1.000000
9446,1.000000
9447,0.980000
9448,0.960000
9449,0.980000
9450,0.960000
9451,0.990000
9452,0.980000
9453,1.000000
9454,0.940000
9455,0.930000
9456,0.970000
9457,1.000000
9458,0.990000
9459,0.950000
9460,0.940000
9461,0.980000
9462,0.980000
9463,0.890000
9464,0.960000
9465,0.880000
9466,0.990000
9467,0.970000
9468,1.000000
9469,0.890000
9470,0.970000
9471,0.980000
9472,0.960000
9473,0.960000
9474,0.990000
9475,0.910000
9476,0.950000
9477,0.890000
9478,0.940000
9479,0.930000
9480,0.900000
9481,0.950000
9482,0.960000
9483,0.980000
9484,0.950000
9485,0.950000
9486,0.920000
9487,0.990000
9488,0.970000
9489,0.960000
9490,0.980000
9491,0.970000
9492,0.990000
9493,0.980000
9494,0.980000
9495,0.960000
9496,1.000000
9497,0.960000
9498,0.950000
9499,0.950000
9500,0.920000
9501,0.980000
9502,0.930000
9503,0.920000
9504,0.990000
9505,0.950000
9506,0.900000
9507,0.960000
9508,0.920000
9509,0.990000
9510,0.950000
9511,0.980000
9512,0.990000
9513,0.980000
9514,0.980000
9515,0.950000
9516,0.990000
9517,0.990000
9518,1.000000
9519,0.930000
9520,0.990000
9521,0.920000
9522,0.980000
9523,0.930000
9524,1.000000
9525,0.990000
9526,0.970000
9527,0.980000
9528,0.950000
9529,0.990000
9530,0.980000
9531,0.980000
9532,0.950000
9533,0.950000
9534,0.950000
9535,0.940000
9536,0.980000
9537,0.960000
9538,1.000000
9539,0.960000
9540,0.990000
9541,0.900000
9542,0.970000
9543,0.970000
9544,0.970000
9545,0.970000
9546,0.950000
9547,0.960000
9548,0.960000
9549,0.930000
9550,0.960000
9551,0.920000
9552,0.940000
9553,0.990000
9554,0.940000
9555,0.980000
9556,0.990000
9557,0.940000
9558,0.960000
9559,0.920000
9560,0.980000
9561,1.000000
9562,1.000000
9563,0.920000
9564,0.980000
9565,0.980000
9566,0.970000
9567,0.900000
9568,0.970000
9569,0.980000
9570,0.960000
9571,1.000000
9572,1.000000
9573,0.960000
9574,0.980000
9575,0.980000
9576,0.970000
9577,0.950000
9578,0.950000
9579,0.920000
9580,0.960000
9581,1.000000
9582,0.980000
9583,0.950000
9584,0.950000
9585,0.970000
9586,0.970000
9587,0.880000
9588,0.930000
9589,0.940000
9590,0.980000
9591,1.000000
9592,0.970000
9593,1.000000
9594,0.970000
9595,0.980000
9596,0.990000
9597,0.990000
9598,1.000000
9599,0.980000
9600,0.940000
9601,0.960000
9602,0.940000
9603,0.930000
9604,0.990000
9605,0.940000
9606,0.970000
9607,0.980000
9608,0.960000
9609,1.000000
9610,1.000000
9611,0.940000
9612,0.970000
9613,0.970000
9614,0.940000
9615,0.980000
9616,0.980000
9617,0.960000
9618,0.970000
9619,0.950000
9620,0.950000
9621,0.960000
9622,0.940000
9623,0.960000
9624,0.970000
9625,0.940000
9626,0.970000
9627,1.000000
9628,1.000000
9629,0.970000
9630,0.990000
9631,1.000000
9632,0.970000
9633,0.990000
9634,0.990000
9635,0.980000
9636,0.980000
9637,1.000000
9638,1.000000
9639,0.960000
9640,0.990000
9641,0.980000
9642,0.990000
9643,0.970000
9644,0.990000
9645,1.000000
9646,0.960000
9647,0.960000
9648,0.970000
9649,0.950000
9650,0.910000
9651,0.980000
9652,1.000000
9653,0.940000
9654,0.990000
9655,1.000000
9656,0.980000
9657,0.940000
9658,0.950000
9659,0.990000
9660,0.970000
9661,0.980000
9662,0.940000
9663,0.990000
9664,0.920000
9665,0.960000
9666,0.960000
9667,0.990000
9668,0.990000
9669,0.920000
9670,0.940000
9671,1.000000
9672,0.990000
9673,0.980000
9674,0.980000
9675,0.950000
9676,0.980000
9677,0.980000
9678,0.940000
9679,0.960000
9680,0.970000
9681,0.960000
9682,0.990000
9683,0.960000
9684,0.990000
9685,0.930000
9686,0.980000
9687,0.940000
9688,0.940000
9689,0.970000
9690,0.990000
9691,1.000000
9692,0.970000
9693,0.980000
9694,1.000000
9695,0.960000
9696,0.980000
9697,0.950000
9698,0.920000
9699,0.970000
9700,0.990000
9701,1.000000
9702,0.940000
9703,0.960000
9704,1.000000
9705,1.000000
9706,0.960000
9707,0.970000
9708,1.000000
9709,0.970000
9710,1.000000
9711,0.960000
9712,0.920000
9713,0.990000
9714,0.900000
9715,0.980000
9716,0.990000
9717,0.930000
9718,0.950000
9719,0.890000
9720,0.990000
9721,0.970000
9722,0.980000
9723,0.960000
9724,1.000000
9725,0.960000
9726,0.960000
9727,0.940000
9728,0.980000
9729,0.950000
9730,0.890000
9731,0.960000
9732,0.990000
9733,0.980000
9734,0.950000
9735,0.970000
9736,0.990000
9737,0.990000
9738,0.990000
9739,0.940000
9740,1.000000
9741,0.950000
9742,0.960000
9743,0.920000
9744,0.970000
9745,0.920000
9746,0.970000
9747,0.980000
9748,0.970000
9749,0.990000
9750,0.930000
9751,0.990000
9752,0.940000
9753,0.960000
9754,0.960000
9755,0.950000
9756,1.000000
9757,0.920000
9758,0.990000
9759,1.000000
9760,0.990000
9761,0.980000
9762,0.960000
9763,0.980000
9764,0.980000
9765,0.970000
9766,1.000000
9767,1.000000
9768,0.940000
9769,0.960000
9770,0.870000
9771,0.980000
9772,0.970000
9773,0.960000
9774,0.960000
9775,0.960000
9776,0.990000
9777,0.990000
9778,0.970000
9779,1.000000
9780,0.910000
9781,0.990000
9782,0.940000
9783,0.990000
9784,0.970000
9785,1.000000
9786,0.950000
9787,0.950000
9788,0.960000
9789,0.940000
9790,0.910000
9791,0.910000
9792,0.950000
9793,0.980000
9794,1.000000
9795,0.920000
9796,0.970000
9797,0.980000
9798,0.950000
9799,0.970000
9800,0.930000
9801,0.970000
9802,0.990000
9803,0.970000
9804,0.970000
9805,0.980000
9806,1.000000
9807,0.980000
9808,0.960000
9809,0.990000
9810,0.980000
9811,0.980000
9812,0.960000
9813,0.990000
9814,0.970000
9815,0.980000
9816,1.000000
9817,0.960000
9818,1.000000
9819,0.900000
9820,0.980000
9821,0.980000
9822,0.920000
9823,0.970000
9824,0.980000
9825,0.980000
9826,1.000000
9827,0.970000
9828,0.980000
9829,0.930000
9830,0.950000
9831,0.990000
9832,0.970000
9833,0.960000
9834,1.000000
9835,0.930000
9836,0.920000
9837,0.990000
9838,0.950000
9839,0.980000
9840,0.990000
9841,0.930000
9842,0.990000
9843,0.940000
9844,0.920000
9845,0.960000
9846,0.930000
9847,0.940000
9848,0.980000
9849,0.980000
9850,0.980000
9851,0.990000
9852,0.950000
9853,0.990000
9854,0.980000
9855,0.990000
9856,0.940000
9857,0.990000
9858,0.960000
9859,0.940000
9860,0.980000
9861,0.990000
9862,0.940000
9863,1.000000
9864,0.980000
9865,0.990000
9866,0.990000
9867,0.950000
9868,0.920000
9869,0.970000
9870,0.940000
9871,0.970000
9872,0.920000
9873,0.940000
9874,0.910000
9875,1.000000
9876,0.960000
9877,0.950000
9878,0.930000
9879,0.980000
9880,0.950000
9881,0.980000
9882,0.960000
9883,0.940000
9884,0.950000
9885,0.970000
9886,0.980000
9887,0.960000
9888,0.980000
9889,0.980000
9890,0.980000
9891,0.990000
9892,1.000000
9893,0.960000
9894,0.960000
9895,0.990000
9896,0.920000
9897,0.910000
9898,0.930000
9899,0.970000
9900,1.000000
9901,0.980000
9902,0.970000
9903,0.990000
9904,0.970000
9905,0.950000
9906,0.970000
9907,1.000000
9908,0.990000
9909,1.000000
9910,0.950000
9911,0.910000
9912,0.940000
9913,0.960000
9914,0.970000
9915,0.960000
9916,0.980000
9917,0.970000
9918,0.940000
9919,0.970000
9920,0.920000
9921,0.990000
9922,0.940000
9923,0.970000
9924,0.980000
9925,0.980000
9926,0.960000
9927,0.980000
9928,0.980000
9929,0.970000
9930,0.940000
9931,0.990000
9932,0.970000
9933,1.000000
9934,0.980000
9935,0.990000
9936,0.920000
9937,0.960000
9938,0.970000
9939,0.900000
9940,0.950000
9941,0.960000
9942,0.930000
9943,1.000000
9944,0.960000
9945,0.960000
9946,0.990000
9947,0.990000
9948,0.990000
9949,0.970000
9950,0.940000
9951,0.940000
9952,0.910000
9953,1.000000
9954,1.000000
9955,0.910000
9956,0.980000
9957,0.950000
9958,0.970000
9959,0.980000
9960,1.000000
9961,0.970000
9962,0.940000
9963,0.980000
9964,0.970000
9965,1.000000
9966,0.980000
9967,0.970000
9968,0.990000
9969,0.950000
9970,0.960000
9971,0.990000
9972,0.960000
9973,0.990000
9974,0.980000
9975,0.990000
9976,1.000000
9977,0.990000
9978,1.000000
9979,0.950000
9980,0.950000
9981,0.990000
9982,0.980000
9983,0.980000
9984,0.940000
9985,0.970000
9986,0.930000
9987,0.980000
9988,0.920000
9989,0.940000
9990,0.950000
9991,0.980000
9992,0.960000
9993,0.980000
9994,0.890000
9995,0.940000
9996,0.970000
9997,0.990000
9998,0.960000
9999,0.980000
